dataset,filename,jbeesa,mtorte
GLIDER/OHAGEODAMS_2024 (600_500),2024_02_22_03_50_00.wav,UNASSIGNED,FINISHED
GLIDER/OHAGEODAMS_2024 (600_500),2024_02_22_04_00_00.wav,UNASSIGNED,FINISHED
GLIDER/OHAGEODAMS_2024 (600_500),2024_02_22_04_10_00.wav,UNASSIGNED,FINISHED
GLIDER/OHAGEODAMS_2024 (600_500),2024_02_22_04_20_00.wav,UNASSIGNED,FINISHED
GLIDER/OHAGEODAMS_2024 (600_500),2024_02_22_04_30_00.wav,UNASSIGNED,FINISHED
GLIDER/OHAGEODAMS_2024 (600_500),2024_02_22_04_40_00.wav,UNASSIGNED,FINISHED
GLIDER/OHAGEODAMS_2024 (600_500),2024_02_22_04_50_00.wav,UNASSIGNED,FINISHED
GLIDER/OHAGEODAMS_2024 (600_500),2024_02_22_05_00_00.wav,UNASSIGNED,FINISHED
GLIDER/OHAGEODAMS_2024 (600_500),2024_02_22_05_10_00.wav,UNASSIGNED,FINISHED
GLIDER/OHAGEODAMS_2024 (600_500),2024_02_22_05_20_00.wav,UNASSIGNED,FINISHED
GLIDER/OHAGEODAMS_2024 (600_500),2024_02_22_05_30_00.wav,UNASSIGNED,FINISHED
GLIDER/OHAGEODAMS_2024 (600_500),2024_02_22_05_40_00.wav,UNASSIGNED,FINISHED
GLIDER/OHAGEODAMS_2024 (600_500),2024_02_22_05_50_00.wav,UNASSIGNED,FINISHED
GLIDER/OHAGEODAMS_2024 (600_500),2024_02_22_06_00_00.wav,UNASSIGNED,FINISHED
GLIDER/OHAGEODAMS_2024 (600_500),2024_02_22_06_10_00.wav,UNASSIGNED,FINISHED
GLIDER/OHAGEODAMS_2024 (600_500),2024_02_22_06_20_00.wav,UNASSIGNED,FINISHED
GLIDER/OHAGEODAMS_2024 (600_500),2024_02_22_06_30_00.wav,UNASSIGNED,FINISHED
GLIDER/OHAGEODAMS_2024 (600_500),2024_02_22_06_40_00.wav,UNASSIGNED,FINISHED
GLIDER/OHAGEODAMS_2024 (600_500),2024_02_22_06_50_00.wav,UNASSIGNED,FINISHED
GLIDER/OHAGEODAMS_2024 (600_500),2024_02_22_07_00_00.wav,UNASSIGNED,FINISHED
GLIDER/OHAGEODAMS_2024 (600_500),2024_02_22_07_10_00.wav,UNASSIGNED,FINISHED
GLIDER/OHAGEODAMS_2024 (600_500),2024_02_22_07_20_00.wav,UNASSIGNED,FINISHED
GLIDER/OHAGEODAMS_2024 (600_500),2024_02_22_07_30_00.wav,UNASSIGNED,FINISHED
GLIDER/OHAGEODAMS_2024 (600_500),2024_02_22_07_40_00.wav,UNASSIGNED,FINISHED
GLIDER/OHAGEODAMS_2024 (600_500),2024_02_22_07_50_00.wav,UNASSIGNED,FINISHED
GLIDER/OHAGEODAMS_2024 (600_500),2024_02_22_08_00_00.wav,UNASSIGNED,FINISHED
GLIDER/OHAGEODAMS_2024 (600_500),2024_02_22_08_10_00.wav,UNASSIGNED,FINISHED
GLIDER/OHAGEODAMS_2024 (600_500),2024_02_22_08_20_00.wav,UNASSIGNED,FINISHED
GLIDER/OHAGEODAMS_2024 (600_500),2024_02_22_08_30_00.wav,UNASSIGNED,FINISHED
GLIDER/OHAGEODAMS_2024 (600_500),2024_02_22_08_40_00.wav,UNASSIGNED,FINISHED
GLIDER/OHAGEODAMS_2024 (600_500),2024_02_22_08_50_00.wav,UNASSIGNED,FINISHED
GLIDER/OHAGEODAMS_2024 (600_500),2024_02_22_09_00_00.wav,UNASSIGNED,FINISHED
GLIDER/OHAGEODAMS_2024 (600_500),2024_02_22_09_10_00.wav,UNASSIGNED,FINISHED
GLIDER/OHAGEODAMS_2024 (600_500),2024_02_22_09_20_00.wav,UNASSIGNED,FINISHED
GLIDER/OHAGEODAMS_2024 (600_500),2024_02_22_09_30_00.wav,UNASSIGNED,FINISHED
GLIDER/OHAGEODAMS_2024 (600_500),2024_02_22_09_40_00.wav,UNASSIGNED,FINISHED
GLIDER/OHAGEODAMS_2024 (600_500),2024_02_22_09_50_00.wav,UNASSIGNED,FINISHED
GLIDER/OHAGEODAMS_2024 (600_500),2024_02_22_10_00_00.wav,UNASSIGNED,FINISHED
GLIDER/OHAGEODAMS_2024 (600_500),2024_02_22_10_10_00.wav,UNASSIGNED,FINISHED
GLIDER/OHAGEODAMS_2024 (600_500),2024_02_22_10_20_00.wav,UNASSIGNED,FINISHED
GLIDER/OHAGEODAMS_2024 (600_500),2024_02_22_10_30_00.wav,UNASSIGNED,FINISHED
GLIDER/OHAGEODAMS_2024 (600_500),2024_02_22_10_40_00.wav,UNASSIGNED,FINISHED
GLIDER/OHAGEODAMS_2024 (600_500),2024_02_22_10_50_00.wav,UNASSIGNED,FINISHED
GLIDER/OHAGEODAMS_2024 (600_500),2024_02_22_11_00_00.wav,UNASSIGNED,FINISHED
GLIDER/OHAGEODAMS_2024 (600_500),2024_02_22_11_10_00.wav,UNASSIGNED,FINISHED
GLIDER/OHAGEODAMS_2024 (600_500),2024_02_22_11_20_00.wav,UNASSIGNED,FINISHED
GLIDER/OHAGEODAMS_2024 (600_500),2024_02_22_11_30_00.wav,UNASSIGNED,FINISHED
GLIDER/OHAGEODAMS_2024 (600_500),2024_02_22_11_40_00.wav,UNASSIGNED,FINISHED
GLIDER/OHAGEODAMS_2024 (600_500),2024_02_22_11_50_00.wav,UNASSIGNED,FINISHED
GLIDER/OHAGEODAMS_2024 (600_500),2024_02_22_12_00_00.wav,UNASSIGNED,FINISHED
GLIDER/OHAGEODAMS_2024 (600_500),2024_02_22_12_10_00.wav,UNASSIGNED,FINISHED
GLIDER/OHAGEODAMS_2024 (600_500),2024_02_22_12_20_00.wav,UNASSIGNED,FINISHED
GLIDER/OHAGEODAMS_2024 (600_500),2024_02_22_12_30_00.wav,UNASSIGNED,FINISHED
GLIDER/OHAGEODAMS_2024 (600_500),2024_02_22_12_40_00.wav,UNASSIGNED,FINISHED
GLIDER/OHAGEODAMS_2024 (600_500),2024_02_22_12_50_00.wav,UNASSIGNED,FINISHED
GLIDER/OHAGEODAMS_2024 (600_500),2024_02_22_13_00_00.wav,UNASSIGNED,FINISHED
GLIDER/OHAGEODAMS_2024 (600_500),2024_02_22_13_10_00.wav,UNASSIGNED,FINISHED
GLIDER/OHAGEODAMS_2024 (600_500),2024_02_22_13_20_00.wav,UNASSIGNED,FINISHED
GLIDER/OHAGEODAMS_2024 (600_500),2024_02_22_13_30_00.wav,UNASSIGNED,FINISHED
GLIDER/OHAGEODAMS_2024 (600_500),2024_02_22_13_40_00.wav,UNASSIGNED,FINISHED
GLIDER/OHAGEODAMS_2024 (600_500),2024_02_22_13_50_00.wav,UNASSIGNED,FINISHED
GLIDER/OHAGEODAMS_2024 (600_500),2024_02_22_14_00_00.wav,UNASSIGNED,FINISHED
GLIDER/OHAGEODAMS_2024 (600_500),2024_02_22_14_10_00.wav,UNASSIGNED,FINISHED
GLIDER/OHAGEODAMS_2024 (600_500),2024_02_22_14_20_00.wav,UNASSIGNED,FINISHED
GLIDER/OHAGEODAMS_2024 (600_500),2024_02_22_14_30_00.wav,UNASSIGNED,FINISHED
GLIDER/OHAGEODAMS_2024 (600_500),2024_02_22_14_40_00.wav,UNASSIGNED,FINISHED
GLIDER/OHAGEODAMS_2024 (600_500),2024_02_22_14_50_00.wav,UNASSIGNED,FINISHED
GLIDER/OHAGEODAMS_2024 (600_500),2024_02_22_15_00_00.wav,UNASSIGNED,FINISHED
GLIDER/OHAGEODAMS_2024 (600_500),2024_02_22_15_10_00.wav,UNASSIGNED,FINISHED
GLIDER/OHAGEODAMS_2024 (600_500),2024_02_22_15_20_00.wav,UNASSIGNED,FINISHED
GLIDER/OHAGEODAMS_2024 (600_500),2024_02_22_15_30_00.wav,UNASSIGNED,FINISHED
GLIDER/OHAGEODAMS_2024 (600_500),2024_02_22_15_40_00.wav,UNASSIGNED,FINISHED
GLIDER/OHAGEODAMS_2024 (600_500),2024_02_22_15_50_00.wav,UNASSIGNED,FINISHED
GLIDER/OHAGEODAMS_2024 (600_500),2024_02_22_16_00_00.wav,UNASSIGNED,FINISHED
GLIDER/OHAGEODAMS_2024 (600_500),2024_02_22_16_10_00.wav,UNASSIGNED,FINISHED
GLIDER/OHAGEODAMS_2024 (600_500),2024_02_22_16_20_00.wav,UNASSIGNED,FINISHED
GLIDER/OHAGEODAMS_2024 (600_500),2024_02_22_16_30_00.wav,UNASSIGNED,FINISHED
GLIDER/OHAGEODAMS_2024 (600_500),2024_02_22_16_40_00.wav,UNASSIGNED,FINISHED
GLIDER/OHAGEODAMS_2024 (600_500),2024_02_22_16_50_00.wav,UNASSIGNED,FINISHED
GLIDER/OHAGEODAMS_2024 (600_500),2024_02_22_17_00_00.wav,UNASSIGNED,FINISHED
GLIDER/OHAGEODAMS_2024 (600_500),2024_02_22_17_10_00.wav,UNASSIGNED,FINISHED
GLIDER/OHAGEODAMS_2024 (600_500),2024_02_22_17_20_00.wav,UNASSIGNED,FINISHED
GLIDER/OHAGEODAMS_2024 (600_500),2024_02_22_17_30_00.wav,UNASSIGNED,FINISHED
GLIDER/OHAGEODAMS_2024 (600_500),2024_02_22_17_40_00.wav,UNASSIGNED,FINISHED
GLIDER/OHAGEODAMS_2024 (600_500),2024_02_22_17_50_00.wav,UNASSIGNED,FINISHED
GLIDER/OHAGEODAMS_2024 (600_500),2024_02_22_18_00_00.wav,UNASSIGNED,FINISHED
GLIDER/OHAGEODAMS_2024 (600_500),2024_02_22_18_10_00.wav,UNASSIGNED,FINISHED
GLIDER/OHAGEODAMS_2024 (600_500),2024_02_22_18_20_00.wav,UNASSIGNED,FINISHED
GLIDER/OHAGEODAMS_2024 (600_500),2024_02_22_18_30_00.wav,UNASSIGNED,FINISHED
GLIDER/OHAGEODAMS_2024 (600_500),2024_02_22_18_40_00.wav,UNASSIGNED,FINISHED
GLIDER/OHAGEODAMS_2024 (600_500),2024_02_22_18_50_00.wav,UNASSIGNED,FINISHED
GLIDER/OHAGEODAMS_2024 (600_500),2024_02_22_19_00_00.wav,UNASSIGNED,FINISHED
GLIDER/OHAGEODAMS_2024 (600_500),2024_02_22_19_10_00.wav,UNASSIGNED,FINISHED
GLIDER/OHAGEODAMS_2024 (600_500),2024_02_22_19_20_00.wav,UNASSIGNED,FINISHED
GLIDER/OHAGEODAMS_2024 (600_500),2024_02_22_19_30_00.wav,UNASSIGNED,FINISHED
GLIDER/OHAGEODAMS_2024 (600_500),2024_02_22_19_40_00.wav,UNASSIGNED,FINISHED
GLIDER/OHAGEODAMS_2024 (600_500),2024_02_22_19_50_00.wav,UNASSIGNED,FINISHED
GLIDER/OHAGEODAMS_2024 (600_500),2024_02_22_20_00_00.wav,UNASSIGNED,FINISHED
GLIDER/OHAGEODAMS_2024 (600_500),2024_02_22_20_10_00.wav,UNASSIGNED,FINISHED
GLIDER/OHAGEODAMS_2024 (600_500),2024_02_22_20_20_00.wav,UNASSIGNED,FINISHED
GLIDER/OHAGEODAMS_2024 (600_500),2024_02_22_20_30_00.wav,UNASSIGNED,FINISHED
GLIDER/OHAGEODAMS_2024 (600_500),2024_02_22_20_40_00.wav,UNASSIGNED,FINISHED
GLIDER/OHAGEODAMS_2024 (600_500),2024_02_22_20_50_00.wav,UNASSIGNED,FINISHED
GLIDER/OHAGEODAMS_2024 (600_500),2024_02_22_21_00_00.wav,UNASSIGNED,FINISHED
GLIDER/OHAGEODAMS_2024 (600_500),2024_02_22_21_10_00.wav,UNASSIGNED,FINISHED
GLIDER/OHAGEODAMS_2024 (600_500),2024_02_22_21_20_00.wav,UNASSIGNED,FINISHED
GLIDER/OHAGEODAMS_2024 (600_500),2024_02_22_21_30_00.wav,UNASSIGNED,FINISHED
GLIDER/OHAGEODAMS_2024 (600_500),2024_02_22_21_40_00.wav,UNASSIGNED,FINISHED
GLIDER/OHAGEODAMS_2024 (600_500),2024_02_22_21_50_00.wav,UNASSIGNED,FINISHED
GLIDER/OHAGEODAMS_2024 (600_500),2024_02_22_22_00_00.wav,UNASSIGNED,FINISHED
GLIDER/OHAGEODAMS_2024 (600_500),2024_02_22_22_10_00.wav,UNASSIGNED,FINISHED
GLIDER/OHAGEODAMS_2024 (600_500),2024_02_22_22_20_00.wav,UNASSIGNED,FINISHED
GLIDER/OHAGEODAMS_2024 (600_500),2024_02_22_22_30_00.wav,UNASSIGNED,FINISHED
GLIDER/OHAGEODAMS_2024 (600_500),2024_02_22_22_40_00.wav,UNASSIGNED,FINISHED
GLIDER/OHAGEODAMS_2024 (600_500),2024_02_22_22_50_00.wav,UNASSIGNED,FINISHED
GLIDER/OHAGEODAMS_2024 (600_500),2024_02_22_23_00_00.wav,UNASSIGNED,FINISHED
GLIDER/OHAGEODAMS_2024 (600_500),2024_02_22_23_10_00.wav,UNASSIGNED,FINISHED
GLIDER/OHAGEODAMS_2024 (600_500),2024_02_22_23_20_00.wav,UNASSIGNED,FINISHED
GLIDER/OHAGEODAMS_2024 (600_500),2024_02_22_23_30_00.wav,UNASSIGNED,FINISHED
GLIDER/OHAGEODAMS_2024 (600_500),2024_02_22_23_40_00.wav,UNASSIGNED,FINISHED
GLIDER/OHAGEODAMS_2024 (600_500),2024_02_22_23_50_00.wav,UNASSIGNED,FINISHED
GLIDER/OHAGEODAMS_2024 (600_500),2024_02_23_00_00_00.wav,UNASSIGNED,FINISHED
GLIDER/OHAGEODAMS_2024 (600_500),2024_02_23_00_10_00.wav,UNASSIGNED,FINISHED
GLIDER/OHAGEODAMS_2024 (600_500),2024_02_23_00_20_00.wav,UNASSIGNED,FINISHED
GLIDER/OHAGEODAMS_2024 (600_500),2024_02_23_00_30_00.wav,UNASSIGNED,FINISHED
GLIDER/OHAGEODAMS_2024 (600_500),2024_02_23_00_40_00.wav,UNASSIGNED,FINISHED
GLIDER/OHAGEODAMS_2024 (600_500),2024_02_23_00_50_00.wav,UNASSIGNED,FINISHED
GLIDER/OHAGEODAMS_2024 (600_500),2024_02_23_01_00_00.wav,UNASSIGNED,FINISHED
GLIDER/OHAGEODAMS_2024 (600_500),2024_02_23_01_10_00.wav,UNASSIGNED,FINISHED
GLIDER/OHAGEODAMS_2024 (600_500),2024_02_23_01_20_00.wav,UNASSIGNED,FINISHED
GLIDER/OHAGEODAMS_2024 (600_500),2024_02_23_01_30_00.wav,UNASSIGNED,FINISHED
GLIDER/OHAGEODAMS_2024 (600_500),2024_02_23_01_40_00.wav,UNASSIGNED,FINISHED
GLIDER/OHAGEODAMS_2024 (600_500),2024_02_23_01_50_00.wav,UNASSIGNED,FINISHED
GLIDER/OHAGEODAMS_2024 (600_500),2024_02_23_02_00_00.wav,UNASSIGNED,FINISHED
GLIDER/OHAGEODAMS_2024 (600_500),2024_02_23_02_10_00.wav,UNASSIGNED,FINISHED
GLIDER/OHAGEODAMS_2024 (600_500),2024_02_23_02_20_00.wav,UNASSIGNED,FINISHED
GLIDER/OHAGEODAMS_2024 (600_500),2024_02_23_02_30_00.wav,UNASSIGNED,FINISHED
GLIDER/OHAGEODAMS_2024 (600_500),2024_02_23_02_40_00.wav,UNASSIGNED,FINISHED
GLIDER/OHAGEODAMS_2024 (600_500),2024_02_23_02_50_00.wav,UNASSIGNED,FINISHED
GLIDER/OHAGEODAMS_2024 (600_500),2024_02_23_03_00_00.wav,UNASSIGNED,FINISHED
GLIDER/OHAGEODAMS_2024 (600_500),2024_02_23_03_10_00.wav,UNASSIGNED,FINISHED
GLIDER/OHAGEODAMS_2024 (600_500),2024_02_23_03_20_00.wav,UNASSIGNED,FINISHED
GLIDER/OHAGEODAMS_2024 (600_500),2024_02_23_03_30_00.wav,UNASSIGNED,FINISHED
GLIDER/OHAGEODAMS_2024 (600_500),2024_02_23_03_40_00.wav,UNASSIGNED,FINISHED
GLIDER/OHAGEODAMS_2024 (600_500),2024_02_23_03_50_00.wav,UNASSIGNED,FINISHED
GLIDER/OHAGEODAMS_2024 (600_500),2024_02_23_04_00_00.wav,UNASSIGNED,FINISHED
GLIDER/OHAGEODAMS_2024 (600_500),2024_02_23_04_10_00.wav,UNASSIGNED,FINISHED
GLIDER/OHAGEODAMS_2024 (600_500),2024_02_23_04_20_00.wav,UNASSIGNED,FINISHED
GLIDER/OHAGEODAMS_2024 (600_500),2024_02_23_04_30_00.wav,UNASSIGNED,FINISHED
GLIDER/OHAGEODAMS_2024 (600_500),2024_02_23_04_40_00.wav,UNASSIGNED,FINISHED
GLIDER/OHAGEODAMS_2024 (600_500),2024_02_23_04_50_00.wav,UNASSIGNED,FINISHED
GLIDER/OHAGEODAMS_2024 (600_500),2024_02_23_05_00_00.wav,UNASSIGNED,FINISHED
GLIDER/OHAGEODAMS_2024 (600_500),2024_02_23_05_10_00.wav,UNASSIGNED,FINISHED
GLIDER/OHAGEODAMS_2024 (600_500),2024_02_23_05_20_00.wav,UNASSIGNED,FINISHED
GLIDER/OHAGEODAMS_2024 (600_500),2024_02_23_05_30_00.wav,UNASSIGNED,FINISHED
GLIDER/OHAGEODAMS_2024 (600_500),2024_02_23_05_40_00.wav,UNASSIGNED,FINISHED
GLIDER/OHAGEODAMS_2024 (600_500),2024_02_23_05_50_00.wav,UNASSIGNED,FINISHED
GLIDER/OHAGEODAMS_2024 (600_500),2024_02_23_06_00_00.wav,UNASSIGNED,FINISHED
GLIDER/OHAGEODAMS_2024 (600_500),2024_02_23_06_10_00.wav,UNASSIGNED,FINISHED
GLIDER/OHAGEODAMS_2024 (600_500),2024_02_23_06_20_00.wav,UNASSIGNED,FINISHED
GLIDER/OHAGEODAMS_2024 (600_500),2024_02_23_06_30_00.wav,UNASSIGNED,FINISHED
GLIDER/OHAGEODAMS_2024 (600_500),2024_02_23_06_40_00.wav,UNASSIGNED,FINISHED
GLIDER/OHAGEODAMS_2024 (600_500),2024_02_23_06_50_00.wav,UNASSIGNED,FINISHED
GLIDER/OHAGEODAMS_2024 (600_500),2024_02_23_07_00_00.wav,UNASSIGNED,FINISHED
GLIDER/OHAGEODAMS_2024 (600_500),2024_02_23_07_10_00.wav,UNASSIGNED,FINISHED
GLIDER/OHAGEODAMS_2024 (600_500),2024_02_23_07_20_00.wav,UNASSIGNED,FINISHED
GLIDER/OHAGEODAMS_2024 (600_500),2024_02_23_07_30_00.wav,UNASSIGNED,FINISHED
GLIDER/OHAGEODAMS_2024 (600_500),2024_02_23_07_40_00.wav,UNASSIGNED,FINISHED
GLIDER/OHAGEODAMS_2024 (600_500),2024_02_23_07_50_00.wav,UNASSIGNED,FINISHED
GLIDER/OHAGEODAMS_2024 (600_500),2024_02_23_08_00_00.wav,UNASSIGNED,FINISHED
GLIDER/OHAGEODAMS_2024 (600_500),2024_02_23_08_10_00.wav,UNASSIGNED,FINISHED
GLIDER/OHAGEODAMS_2024 (600_500),2024_02_23_08_20_00.wav,UNASSIGNED,FINISHED
GLIDER/OHAGEODAMS_2024 (600_500),2024_02_23_08_30_00.wav,UNASSIGNED,FINISHED
GLIDER/OHAGEODAMS_2024 (600_500),2024_02_23_08_40_00.wav,UNASSIGNED,FINISHED
GLIDER/OHAGEODAMS_2024 (600_500),2024_02_23_08_50_00.wav,UNASSIGNED,FINISHED
GLIDER/OHAGEODAMS_2024 (600_500),2024_02_23_09_00_00.wav,UNASSIGNED,FINISHED
GLIDER/OHAGEODAMS_2024 (600_500),2024_02_23_09_10_00.wav,UNASSIGNED,FINISHED
GLIDER/OHAGEODAMS_2024 (600_500),2024_02_23_09_20_00.wav,UNASSIGNED,FINISHED
GLIDER/OHAGEODAMS_2024 (600_500),2024_02_23_09_30_00.wav,UNASSIGNED,FINISHED
GLIDER/OHAGEODAMS_2024 (600_500),2024_02_23_09_40_00.wav,UNASSIGNED,FINISHED
GLIDER/OHAGEODAMS_2024 (600_500),2024_02_23_09_50_00.wav,UNASSIGNED,FINISHED
GLIDER/OHAGEODAMS_2024 (600_500),2024_02_23_10_00_00.wav,UNASSIGNED,FINISHED
GLIDER/OHAGEODAMS_2024 (600_500),2024_02_23_10_10_00.wav,UNASSIGNED,FINISHED
GLIDER/OHAGEODAMS_2024 (600_500),2024_02_23_10_20_00.wav,UNASSIGNED,FINISHED
GLIDER/OHAGEODAMS_2024 (600_500),2024_02_23_10_30_00.wav,UNASSIGNED,FINISHED
GLIDER/OHAGEODAMS_2024 (600_500),2024_02_23_10_40_00.wav,UNASSIGNED,FINISHED
GLIDER/OHAGEODAMS_2024 (600_500),2024_02_23_10_50_00.wav,UNASSIGNED,FINISHED
GLIDER/OHAGEODAMS_2024 (600_500),2024_02_23_11_00_00.wav,UNASSIGNED,FINISHED
GLIDER/OHAGEODAMS_2024 (600_500),2024_02_23_11_10_00.wav,UNASSIGNED,FINISHED
GLIDER/OHAGEODAMS_2024 (600_500),2024_02_23_11_20_00.wav,UNASSIGNED,FINISHED
GLIDER/OHAGEODAMS_2024 (600_500),2024_02_23_11_30_00.wav,UNASSIGNED,FINISHED
GLIDER/OHAGEODAMS_2024 (600_500),2024_02_23_11_40_00.wav,UNASSIGNED,FINISHED
GLIDER/OHAGEODAMS_2024 (600_500),2024_02_23_11_50_00.wav,UNASSIGNED,FINISHED
GLIDER/OHAGEODAMS_2024 (600_500),2024_02_23_12_00_00.wav,UNASSIGNED,FINISHED
GLIDER/OHAGEODAMS_2024 (600_500),2024_02_23_12_10_00.wav,UNASSIGNED,FINISHED
GLIDER/OHAGEODAMS_2024 (600_500),2024_02_23_12_20_00.wav,UNASSIGNED,FINISHED
GLIDER/OHAGEODAMS_2024 (600_500),2024_02_23_12_30_00.wav,UNASSIGNED,FINISHED
GLIDER/OHAGEODAMS_2024 (600_500),2024_02_23_12_40_00.wav,UNASSIGNED,FINISHED
GLIDER/OHAGEODAMS_2024 (600_500),2024_02_23_12_50_00.wav,UNASSIGNED,FINISHED
GLIDER/OHAGEODAMS_2024 (600_500),2024_02_23_13_00_00.wav,UNASSIGNED,FINISHED
GLIDER/OHAGEODAMS_2024 (600_500),2024_02_23_13_10_00.wav,FINISHED,CREATED
GLIDER/OHAGEODAMS_2024 (600_500),2024_02_23_13_20_00.wav,FINISHED,CREATED
GLIDER/OHAGEODAMS_2024 (600_500),2024_02_23_13_30_00.wav,FINISHED,CREATED
GLIDER/OHAGEODAMS_2024 (600_500),2024_02_23_13_40_00.wav,FINISHED,CREATED
GLIDER/OHAGEODAMS_2024 (600_500),2024_02_23_13_50_00.wav,FINISHED,CREATED
GLIDER/OHAGEODAMS_2024 (600_500),2024_02_23_14_00_00.wav,FINISHED,CREATED
GLIDER/OHAGEODAMS_2024 (600_500),2024_02_23_14_10_00.wav,FINISHED,CREATED
GLIDER/OHAGEODAMS_2024 (600_500),2024_02_23_14_20_00.wav,FINISHED,CREATED
GLIDER/OHAGEODAMS_2024 (600_500),2024_02_23_14_30_00.wav,FINISHED,CREATED
GLIDER/OHAGEODAMS_2024 (600_500),2024_02_23_14_40_00.wav,FINISHED,CREATED
GLIDER/OHAGEODAMS_2024 (600_500),2024_02_23_14_50_00.wav,FINISHED,CREATED
GLIDER/OHAGEODAMS_2024 (600_500),2024_02_23_15_00_00.wav,FINISHED,CREATED
GLIDER/OHAGEODAMS_2024 (600_500),2024_02_23_15_10_00.wav,FINISHED,CREATED
GLIDER/OHAGEODAMS_2024 (600_500),2024_02_23_15_20_00.wav,FINISHED,CREATED
GLIDER/OHAGEODAMS_2024 (600_500),2024_02_23_15_30_00.wav,FINISHED,CREATED
GLIDER/OHAGEODAMS_2024 (600_500),2024_02_23_15_40_00.wav,FINISHED,CREATED
GLIDER/OHAGEODAMS_2024 (600_500),2024_02_23_15_50_00.wav,FINISHED,CREATED
GLIDER/OHAGEODAMS_2024 (600_500),2024_02_23_16_00_00.wav,FINISHED,CREATED
GLIDER/OHAGEODAMS_2024 (600_500),2024_02_23_16_10_00.wav,FINISHED,CREATED
GLIDER/OHAGEODAMS_2024 (600_500),2024_02_23_16_20_00.wav,FINISHED,CREATED
GLIDER/OHAGEODAMS_2024 (600_500),2024_02_23_16_30_00.wav,FINISHED,CREATED
GLIDER/OHAGEODAMS_2024 (600_500),2024_02_23_16_40_00.wav,FINISHED,CREATED
GLIDER/OHAGEODAMS_2024 (600_500),2024_02_23_16_50_00.wav,FINISHED,CREATED
GLIDER/OHAGEODAMS_2024 (600_500),2024_02_23_17_00_00.wav,FINISHED,CREATED
GLIDER/OHAGEODAMS_2024 (600_500),2024_02_23_17_10_00.wav,FINISHED,CREATED
GLIDER/OHAGEODAMS_2024 (600_500),2024_02_23_17_20_00.wav,FINISHED,CREATED
GLIDER/OHAGEODAMS_2024 (600_500),2024_02_23_17_30_00.wav,FINISHED,CREATED
GLIDER/OHAGEODAMS_2024 (600_500),2024_02_23_17_40_00.wav,FINISHED,CREATED
GLIDER/OHAGEODAMS_2024 (600_500),2024_02_23_17_50_00.wav,FINISHED,CREATED
GLIDER/OHAGEODAMS_2024 (600_500),2024_02_23_18_00_00.wav,FINISHED,CREATED
GLIDER/OHAGEODAMS_2024 (600_500),2024_02_23_18_10_00.wav,FINISHED,CREATED
GLIDER/OHAGEODAMS_2024 (600_500),2024_02_23_18_20_00.wav,FINISHED,CREATED
GLIDER/OHAGEODAMS_2024 (600_500),2024_02_23_18_30_00.wav,FINISHED,CREATED
GLIDER/OHAGEODAMS_2024 (600_500),2024_02_23_18_40_00.wav,FINISHED,CREATED
GLIDER/OHAGEODAMS_2024 (600_500),2024_02_23_18_50_00.wav,FINISHED,CREATED
GLIDER/OHAGEODAMS_2024 (600_500),2024_02_23_19_00_00.wav,FINISHED,CREATED
GLIDER/OHAGEODAMS_2024 (600_500),2024_02_23_19_10_00.wav,FINISHED,CREATED
GLIDER/OHAGEODAMS_2024 (600_500),2024_02_23_19_20_00.wav,FINISHED,CREATED
GLIDER/OHAGEODAMS_2024 (600_500),2024_02_23_19_30_00.wav,FINISHED,CREATED
GLIDER/OHAGEODAMS_2024 (600_500),2024_02_23_19_40_00.wav,FINISHED,CREATED
GLIDER/OHAGEODAMS_2024 (600_500),2024_02_23_19_50_00.wav,FINISHED,CREATED
GLIDER/OHAGEODAMS_2024 (600_500),2024_02_23_20_00_00.wav,FINISHED,CREATED
GLIDER/OHAGEODAMS_2024 (600_500),2024_02_23_20_10_00.wav,FINISHED,CREATED
GLIDER/OHAGEODAMS_2024 (600_500),2024_02_23_20_20_00.wav,FINISHED,CREATED
GLIDER/OHAGEODAMS_2024 (600_500),2024_02_23_20_30_00.wav,FINISHED,CREATED
GLIDER/OHAGEODAMS_2024 (600_500),2024_02_23_20_40_00.wav,FINISHED,CREATED
GLIDER/OHAGEODAMS_2024 (600_500),2024_02_23_20_50_00.wav,FINISHED,CREATED
GLIDER/OHAGEODAMS_2024 (600_500),2024_02_23_21_00_00.wav,FINISHED,CREATED
GLIDER/OHAGEODAMS_2024 (600_500),2024_02_23_21_10_00.wav,FINISHED,CREATED
GLIDER/OHAGEODAMS_2024 (600_500),2024_02_23_21_20_00.wav,FINISHED,CREATED
GLIDER/OHAGEODAMS_2024 (600_500),2024_02_23_21_30_00.wav,FINISHED,CREATED
GLIDER/OHAGEODAMS_2024 (600_500),2024_02_23_21_40_00.wav,FINISHED,CREATED
GLIDER/OHAGEODAMS_2024 (600_500),2024_02_23_21_50_00.wav,FINISHED,CREATED
GLIDER/OHAGEODAMS_2024 (600_500),2024_02_23_22_00_00.wav,FINISHED,CREATED
GLIDER/OHAGEODAMS_2024 (600_500),2024_02_23_22_10_00.wav,FINISHED,CREATED
GLIDER/OHAGEODAMS_2024 (600_500),2024_02_23_22_20_00.wav,FINISHED,CREATED
GLIDER/OHAGEODAMS_2024 (600_500),2024_02_23_22_30_00.wav,FINISHED,CREATED
GLIDER/OHAGEODAMS_2024 (600_500),2024_02_23_22_40_00.wav,FINISHED,CREATED
GLIDER/OHAGEODAMS_2024 (600_500),2024_02_23_22_50_00.wav,FINISHED,CREATED
GLIDER/OHAGEODAMS_2024 (600_500),2024_02_23_23_00_00.wav,FINISHED,CREATED
GLIDER/OHAGEODAMS_2024 (600_500),2024_02_23_23_10_00.wav,FINISHED,CREATED
GLIDER/OHAGEODAMS_2024 (600_500),2024_02_23_23_20_00.wav,FINISHED,CREATED
GLIDER/OHAGEODAMS_2024 (600_500),2024_02_23_23_30_00.wav,FINISHED,CREATED
GLIDER/OHAGEODAMS_2024 (600_500),2024_02_23_23_40_00.wav,FINISHED,CREATED
GLIDER/OHAGEODAMS_2024 (600_500),2024_02_23_23_50_00.wav,FINISHED,CREATED
GLIDER/OHAGEODAMS_2024 (600_500),2024_02_24_00_00_00.wav,FINISHED,CREATED
GLIDER/OHAGEODAMS_2024 (600_500),2024_02_24_00_10_00.wav,FINISHED,CREATED
GLIDER/OHAGEODAMS_2024 (600_500),2024_02_24_00_20_00.wav,FINISHED,CREATED
GLIDER/OHAGEODAMS_2024 (600_500),2024_02_24_00_30_00.wav,FINISHED,CREATED
GLIDER/OHAGEODAMS_2024 (600_500),2024_02_24_00_40_00.wav,FINISHED,CREATED
GLIDER/OHAGEODAMS_2024 (600_500),2024_02_24_00_50_00.wav,FINISHED,CREATED
GLIDER/OHAGEODAMS_2024 (600_500),2024_02_24_01_00_00.wav,FINISHED,CREATED
GLIDER/OHAGEODAMS_2024 (600_500),2024_02_24_01_10_00.wav,FINISHED,CREATED
GLIDER/OHAGEODAMS_2024 (600_500),2024_02_24_01_20_00.wav,FINISHED,CREATED
GLIDER/OHAGEODAMS_2024 (600_500),2024_02_24_01_30_00.wav,FINISHED,CREATED
GLIDER/OHAGEODAMS_2024 (600_500),2024_02_24_01_40_00.wav,FINISHED,CREATED
GLIDER/OHAGEODAMS_2024 (600_500),2024_02_24_01_50_00.wav,FINISHED,CREATED
GLIDER/OHAGEODAMS_2024 (600_500),2024_02_24_02_00_00.wav,FINISHED,CREATED
GLIDER/OHAGEODAMS_2024 (600_500),2024_02_24_02_10_00.wav,FINISHED,CREATED
GLIDER/OHAGEODAMS_2024 (600_500),2024_02_24_02_20_00.wav,FINISHED,CREATED
GLIDER/OHAGEODAMS_2024 (600_500),2024_02_24_02_30_00.wav,FINISHED,CREATED
GLIDER/OHAGEODAMS_2024 (600_500),2024_02_24_02_40_00.wav,FINISHED,CREATED
GLIDER/OHAGEODAMS_2024 (600_500),2024_02_24_02_50_00.wav,FINISHED,CREATED
GLIDER/OHAGEODAMS_2024 (600_500),2024_02_24_03_00_00.wav,FINISHED,CREATED
GLIDER/OHAGEODAMS_2024 (600_500),2024_02_24_03_10_00.wav,FINISHED,CREATED
GLIDER/OHAGEODAMS_2024 (600_500),2024_02_24_03_20_00.wav,FINISHED,CREATED
GLIDER/OHAGEODAMS_2024 (600_500),2024_02_24_03_30_00.wav,FINISHED,CREATED
GLIDER/OHAGEODAMS_2024 (600_500),2024_02_24_03_40_00.wav,FINISHED,CREATED
GLIDER/OHAGEODAMS_2024 (600_500),2024_02_24_03_50_00.wav,FINISHED,CREATED
GLIDER/OHAGEODAMS_2024 (600_500),2024_02_24_04_00_00.wav,FINISHED,CREATED
GLIDER/OHAGEODAMS_2024 (600_500),2024_02_24_04_10_00.wav,FINISHED,CREATED
GLIDER/OHAGEODAMS_2024 (600_500),2024_02_24_04_20_00.wav,FINISHED,CREATED
GLIDER/OHAGEODAMS_2024 (600_500),2024_02_24_04_30_00.wav,FINISHED,CREATED
GLIDER/OHAGEODAMS_2024 (600_500),2024_02_24_04_40_00.wav,FINISHED,CREATED
GLIDER/OHAGEODAMS_2024 (600_500),2024_02_24_04_50_00.wav,FINISHED,CREATED
GLIDER/OHAGEODAMS_2024 (600_500),2024_02_24_05_00_00.wav,FINISHED,CREATED
GLIDER/OHAGEODAMS_2024 (600_500),2024_02_24_05_10_00.wav,FINISHED,CREATED
GLIDER/OHAGEODAMS_2024 (600_500),2024_02_24_05_20_00.wav,FINISHED,CREATED
GLIDER/OHAGEODAMS_2024 (600_500),2024_02_24_05_30_00.wav,FINISHED,CREATED
GLIDER/OHAGEODAMS_2024 (600_500),2024_02_24_05_40_00.wav,FINISHED,CREATED
GLIDER/OHAGEODAMS_2024 (600_500),2024_02_24_05_50_00.wav,FINISHED,CREATED
GLIDER/OHAGEODAMS_2024 (600_500),2024_02_24_06_00_00.wav,FINISHED,CREATED
GLIDER/OHAGEODAMS_2024 (600_500),2024_02_24_06_10_00.wav,FINISHED,CREATED
GLIDER/OHAGEODAMS_2024 (600_500),2024_02_24_06_20_00.wav,FINISHED,CREATED
GLIDER/OHAGEODAMS_2024 (600_500),2024_02_24_06_30_00.wav,FINISHED,CREATED
GLIDER/OHAGEODAMS_2024 (600_500),2024_02_24_06_40_00.wav,FINISHED,CREATED
GLIDER/OHAGEODAMS_2024 (600_500),2024_02_24_06_50_00.wav,FINISHED,CREATED
GLIDER/OHAGEODAMS_2024 (600_500),2024_02_24_07_00_00.wav,FINISHED,CREATED
GLIDER/OHAGEODAMS_2024 (600_500),2024_02_24_07_10_00.wav,FINISHED,CREATED
GLIDER/OHAGEODAMS_2024 (600_500),2024_02_24_07_20_00.wav,FINISHED,CREATED
GLIDER/OHAGEODAMS_2024 (600_500),2024_02_24_07_30_00.wav,FINISHED,CREATED
GLIDER/OHAGEODAMS_2024 (600_500),2024_02_24_07_40_00.wav,FINISHED,CREATED
GLIDER/OHAGEODAMS_2024 (600_500),2024_02_24_07_50_00.wav,FINISHED,CREATED
GLIDER/OHAGEODAMS_2024 (600_500),2024_02_24_08_00_00.wav,FINISHED,CREATED
GLIDER/OHAGEODAMS_2024 (600_500),2024_02_24_08_10_00.wav,FINISHED,CREATED
GLIDER/OHAGEODAMS_2024 (600_500),2024_02_24_08_20_00.wav,FINISHED,CREATED
GLIDER/OHAGEODAMS_2024 (600_500),2024_02_24_08_30_00.wav,FINISHED,CREATED
GLIDER/OHAGEODAMS_2024 (600_500),2024_02_24_08_40_00.wav,FINISHED,CREATED
GLIDER/OHAGEODAMS_2024 (600_500),2024_02_24_08_50_00.wav,FINISHED,CREATED
GLIDER/OHAGEODAMS_2024 (600_500),2024_02_24_09_00_00.wav,FINISHED,CREATED
GLIDER/OHAGEODAMS_2024 (600_500),2024_02_24_09_10_00.wav,FINISHED,CREATED
GLIDER/OHAGEODAMS_2024 (600_500),2024_02_24_09_20_00.wav,FINISHED,CREATED
GLIDER/OHAGEODAMS_2024 (600_500),2024_02_24_09_30_00.wav,FINISHED,CREATED
GLIDER/OHAGEODAMS_2024 (600_500),2024_02_24_09_40_00.wav,FINISHED,CREATED
GLIDER/OHAGEODAMS_2024 (600_500),2024_02_24_09_50_00.wav,FINISHED,CREATED
GLIDER/OHAGEODAMS_2024 (600_500),2024_02_24_10_00_00.wav,FINISHED,CREATED
GLIDER/OHAGEODAMS_2024 (600_500),2024_02_24_10_10_00.wav,FINISHED,CREATED
GLIDER/OHAGEODAMS_2024 (600_500),2024_02_24_10_20_00.wav,FINISHED,CREATED
GLIDER/OHAGEODAMS_2024 (600_500),2024_02_24_10_30_00.wav,FINISHED,CREATED
GLIDER/OHAGEODAMS_2024 (600_500),2024_02_24_10_40_00.wav,FINISHED,CREATED
GLIDER/OHAGEODAMS_2024 (600_500),2024_02_24_10_50_00.wav,FINISHED,CREATED
GLIDER/OHAGEODAMS_2024 (600_500),2024_02_24_11_00_00.wav,FINISHED,CREATED
GLIDER/OHAGEODAMS_2024 (600_500),2024_02_24_11_10_00.wav,FINISHED,CREATED
GLIDER/OHAGEODAMS_2024 (600_500),2024_02_24_11_20_00.wav,FINISHED,CREATED
GLIDER/OHAGEODAMS_2024 (600_500),2024_02_24_11_30_00.wav,FINISHED,CREATED
GLIDER/OHAGEODAMS_2024 (600_500),2024_02_24_11_40_00.wav,FINISHED,CREATED
GLIDER/OHAGEODAMS_2024 (600_500),2024_02_24_11_50_00.wav,FINISHED,CREATED
GLIDER/OHAGEODAMS_2024 (600_500),2024_02_24_12_00_00.wav,FINISHED,CREATED
GLIDER/OHAGEODAMS_2024 (600_500),2024_02_24_12_10_00.wav,FINISHED,CREATED
GLIDER/OHAGEODAMS_2024 (600_500),2024_02_24_12_20_00.wav,FINISHED,CREATED
GLIDER/OHAGEODAMS_2024 (600_500),2024_02_24_12_30_00.wav,FINISHED,CREATED
GLIDER/OHAGEODAMS_2024 (600_500),2024_02_24_12_40_00.wav,FINISHED,CREATED
GLIDER/OHAGEODAMS_2024 (600_500),2024_02_24_12_50_00.wav,FINISHED,CREATED
GLIDER/OHAGEODAMS_2024 (600_500),2024_02_24_13_00_00.wav,FINISHED,CREATED
GLIDER/OHAGEODAMS_2024 (600_500),2024_02_24_13_10_00.wav,FINISHED,CREATED
GLIDER/OHAGEODAMS_2024 (600_500),2024_02_24_13_20_00.wav,FINISHED,CREATED
GLIDER/OHAGEODAMS_2024 (600_500),2024_02_24_13_30_00.wav,FINISHED,CREATED
GLIDER/OHAGEODAMS_2024 (600_500),2024_02_24_13_40_00.wav,FINISHED,CREATED
GLIDER/OHAGEODAMS_2024 (600_500),2024_02_24_13_50_00.wav,FINISHED,CREATED
GLIDER/OHAGEODAMS_2024 (600_500),2024_02_24_14_00_00.wav,FINISHED,CREATED
GLIDER/OHAGEODAMS_2024 (600_500),2024_02_24_14_10_00.wav,FINISHED,CREATED
GLIDER/OHAGEODAMS_2024 (600_500),2024_02_24_14_20_00.wav,FINISHED,CREATED
GLIDER/OHAGEODAMS_2024 (600_500),2024_02_24_14_30_00.wav,FINISHED,CREATED
GLIDER/OHAGEODAMS_2024 (600_500),2024_02_24_14_40_00.wav,FINISHED,CREATED
GLIDER/OHAGEODAMS_2024 (600_500),2024_02_24_14_50_00.wav,FINISHED,CREATED
GLIDER/OHAGEODAMS_2024 (600_500),2024_02_24_15_00_00.wav,FINISHED,CREATED
GLIDER/OHAGEODAMS_2024 (600_500),2024_02_24_15_10_00.wav,FINISHED,CREATED
GLIDER/OHAGEODAMS_2024 (600_500),2024_02_24_15_20_00.wav,FINISHED,CREATED
GLIDER/OHAGEODAMS_2024 (600_500),2024_02_24_15_30_00.wav,FINISHED,CREATED
GLIDER/OHAGEODAMS_2024 (600_500),2024_02_24_15_40_00.wav,FINISHED,CREATED
GLIDER/OHAGEODAMS_2024 (600_500),2024_02_24_15_50_00.wav,FINISHED,CREATED
GLIDER/OHAGEODAMS_2024 (600_500),2024_02_24_16_00_00.wav,FINISHED,CREATED
GLIDER/OHAGEODAMS_2024 (600_500),2024_02_24_16_10_00.wav,FINISHED,CREATED
GLIDER/OHAGEODAMS_2024 (600_500),2024_02_24_16_20_00.wav,FINISHED,CREATED
GLIDER/OHAGEODAMS_2024 (600_500),2024_02_24_16_30_00.wav,FINISHED,CREATED
GLIDER/OHAGEODAMS_2024 (600_500),2024_02_24_16_40_00.wav,FINISHED,CREATED
GLIDER/OHAGEODAMS_2024 (600_500),2024_02_24_16_50_00.wav,FINISHED,CREATED
GLIDER/OHAGEODAMS_2024 (600_500),2024_02_24_17_00_00.wav,FINISHED,CREATED
GLIDER/OHAGEODAMS_2024 (600_500),2024_02_24_17_10_00.wav,FINISHED,CREATED
GLIDER/OHAGEODAMS_2024 (600_500),2024_02_24_17_20_00.wav,FINISHED,CREATED
GLIDER/OHAGEODAMS_2024 (600_500),2024_02_24_17_30_00.wav,FINISHED,CREATED
GLIDER/OHAGEODAMS_2024 (600_500),2024_02_24_17_40_00.wav,FINISHED,CREATED
GLIDER/OHAGEODAMS_2024 (600_500),2024_02_24_17_50_00.wav,FINISHED,CREATED
GLIDER/OHAGEODAMS_2024 (600_500),2024_02_24_18_00_00.wav,FINISHED,CREATED
GLIDER/OHAGEODAMS_2024 (600_500),2024_02_24_18_10_00.wav,FINISHED,CREATED
GLIDER/OHAGEODAMS_2024 (600_500),2024_02_24_18_20_00.wav,FINISHED,CREATED
GLIDER/OHAGEODAMS_2024 (600_500),2024_02_24_18_30_00.wav,FINISHED,CREATED
GLIDER/OHAGEODAMS_2024 (600_500),2024_02_24_18_40_00.wav,FINISHED,CREATED
GLIDER/OHAGEODAMS_2024 (600_500),2024_02_24_18_50_00.wav,FINISHED,CREATED
GLIDER/OHAGEODAMS_2024 (600_500),2024_02_24_19_00_00.wav,FINISHED,CREATED
GLIDER/OHAGEODAMS_2024 (600_500),2024_02_24_19_10_00.wav,FINISHED,CREATED
GLIDER/OHAGEODAMS_2024 (600_500),2024_02_24_19_20_00.wav,FINISHED,CREATED
GLIDER/OHAGEODAMS_2024 (600_500),2024_02_24_19_30_00.wav,FINISHED,CREATED
GLIDER/OHAGEODAMS_2024 (600_500),2024_02_24_19_40_00.wav,FINISHED,CREATED
GLIDER/OHAGEODAMS_2024 (600_500),2024_02_24_19_50_00.wav,FINISHED,CREATED
GLIDER/OHAGEODAMS_2024 (600_500),2024_02_24_20_00_00.wav,FINISHED,CREATED
GLIDER/OHAGEODAMS_2024 (600_500),2024_02_24_20_10_00.wav,FINISHED,CREATED
GLIDER/OHAGEODAMS_2024 (600_500),2024_02_24_20_20_00.wav,FINISHED,CREATED
GLIDER/OHAGEODAMS_2024 (600_500),2024_02_24_20_30_00.wav,FINISHED,CREATED
GLIDER/OHAGEODAMS_2024 (600_500),2024_02_24_20_40_00.wav,FINISHED,CREATED
GLIDER/OHAGEODAMS_2024 (600_500),2024_02_24_20_50_00.wav,FINISHED,CREATED
GLIDER/OHAGEODAMS_2024 (600_500),2024_02_24_21_00_00.wav,FINISHED,CREATED
GLIDER/OHAGEODAMS_2024 (600_500),2024_02_24_21_10_00.wav,FINISHED,CREATED
GLIDER/OHAGEODAMS_2024 (600_500),2024_02_24_21_20_00.wav,FINISHED,CREATED
GLIDER/OHAGEODAMS_2024 (600_500),2024_02_24_21_30_00.wav,FINISHED,CREATED
GLIDER/OHAGEODAMS_2024 (600_500),2024_02_24_21_40_00.wav,FINISHED,CREATED
GLIDER/OHAGEODAMS_2024 (600_500),2024_02_24_21_50_00.wav,FINISHED,CREATED
GLIDER/OHAGEODAMS_2024 (600_500),2024_02_24_22_00_00.wav,FINISHED,CREATED
GLIDER/OHAGEODAMS_2024 (600_500),2024_02_24_22_10_00.wav,FINISHED,CREATED
GLIDER/OHAGEODAMS_2024 (600_500),2024_02_24_22_20_00.wav,FINISHED,CREATED
GLIDER/OHAGEODAMS_2024 (600_500),2024_02_24_22_30_00.wav,FINISHED,CREATED
GLIDER/OHAGEODAMS_2024 (600_500),2024_02_24_22_40_00.wav,FINISHED,CREATED
GLIDER/OHAGEODAMS_2024 (600_500),2024_02_24_22_50_00.wav,FINISHED,CREATED
GLIDER/OHAGEODAMS_2024 (600_500),2024_02_24_23_00_00.wav,FINISHED,CREATED
GLIDER/OHAGEODAMS_2024 (600_500),2024_02_24_23_10_00.wav,FINISHED,CREATED
GLIDER/OHAGEODAMS_2024 (600_500),2024_02_24_23_20_00.wav,FINISHED,CREATED
GLIDER/OHAGEODAMS_2024 (600_500),2024_02_24_23_30_00.wav,FINISHED,CREATED
GLIDER/OHAGEODAMS_2024 (600_500),2024_02_24_23_40_00.wav,FINISHED,CREATED
GLIDER/OHAGEODAMS_2024 (600_500),2024_02_24_23_50_00.wav,FINISHED,CREATED
GLIDER/OHAGEODAMS_2024 (600_500),2024_02_25_00_00_00.wav,FINISHED,CREATED
GLIDER/OHAGEODAMS_2024 (600_500),2024_02_25_00_10_00.wav,FINISHED,CREATED
GLIDER/OHAGEODAMS_2024 (600_500),2024_02_25_00_20_00.wav,FINISHED,CREATED
GLIDER/OHAGEODAMS_2024 (600_500),2024_02_25_00_30_00.wav,FINISHED,CREATED
GLIDER/OHAGEODAMS_2024 (600_500),2024_02_25_00_40_00.wav,FINISHED,CREATED
GLIDER/OHAGEODAMS_2024 (600_500),2024_02_25_00_50_00.wav,FINISHED,CREATED
GLIDER/OHAGEODAMS_2024 (600_500),2024_02_25_01_00_00.wav,FINISHED,CREATED
GLIDER/OHAGEODAMS_2024 (600_500),2024_02_25_01_10_00.wav,FINISHED,CREATED
GLIDER/OHAGEODAMS_2024 (600_500),2024_02_25_01_20_00.wav,FINISHED,CREATED
GLIDER/OHAGEODAMS_2024 (600_500),2024_02_25_01_30_00.wav,FINISHED,CREATED
GLIDER/OHAGEODAMS_2024 (600_500),2024_02_25_01_40_00.wav,FINISHED,CREATED
GLIDER/OHAGEODAMS_2024 (600_500),2024_02_25_01_50_00.wav,FINISHED,CREATED
GLIDER/OHAGEODAMS_2024 (600_500),2024_02_25_02_00_00.wav,FINISHED,CREATED
GLIDER/OHAGEODAMS_2024 (600_500),2024_02_25_02_10_00.wav,FINISHED,CREATED
GLIDER/OHAGEODAMS_2024 (600_500),2024_02_25_02_20_00.wav,FINISHED,CREATED
GLIDER/OHAGEODAMS_2024 (600_500),2024_02_25_02_30_00.wav,FINISHED,CREATED
GLIDER/OHAGEODAMS_2024 (600_500),2024_02_25_02_40_00.wav,FINISHED,CREATED
GLIDER/OHAGEODAMS_2024 (600_500),2024_02_25_02_50_00.wav,FINISHED,CREATED
GLIDER/OHAGEODAMS_2024 (600_500),2024_02_25_03_00_00.wav,FINISHED,CREATED
GLIDER/OHAGEODAMS_2024 (600_500),2024_02_25_03_10_00.wav,FINISHED,CREATED
GLIDER/OHAGEODAMS_2024 (600_500),2024_02_25_03_20_00.wav,FINISHED,CREATED
GLIDER/OHAGEODAMS_2024 (600_500),2024_02_25_03_30_00.wav,FINISHED,CREATED
GLIDER/OHAGEODAMS_2024 (600_500),2024_02_25_03_40_00.wav,FINISHED,CREATED
GLIDER/OHAGEODAMS_2024 (600_500),2024_02_25_03_50_00.wav,FINISHED,CREATED
GLIDER/OHAGEODAMS_2024 (600_500),2024_02_25_04_00_00.wav,FINISHED,CREATED
GLIDER/OHAGEODAMS_2024 (600_500),2024_02_25_04_10_00.wav,FINISHED,CREATED
GLIDER/OHAGEODAMS_2024 (600_500),2024_02_25_04_20_00.wav,FINISHED,CREATED
GLIDER/OHAGEODAMS_2024 (600_500),2024_02_25_04_30_00.wav,FINISHED,CREATED
GLIDER/OHAGEODAMS_2024 (600_500),2024_02_25_04_40_00.wav,FINISHED,CREATED
GLIDER/OHAGEODAMS_2024 (600_500),2024_02_25_04_50_00.wav,FINISHED,CREATED
GLIDER/OHAGEODAMS_2024 (600_500),2024_02_25_05_00_00.wav,FINISHED,CREATED
GLIDER/OHAGEODAMS_2024 (600_500),2024_02_25_05_10_00.wav,FINISHED,CREATED
GLIDER/OHAGEODAMS_2024 (600_500),2024_02_25_05_20_00.wav,FINISHED,CREATED
GLIDER/OHAGEODAMS_2024 (600_500),2024_02_25_05_30_00.wav,FINISHED,CREATED
GLIDER/OHAGEODAMS_2024 (600_500),2024_02_25_05_40_00.wav,FINISHED,CREATED
GLIDER/OHAGEODAMS_2024 (600_500),2024_02_25_05_50_00.wav,FINISHED,CREATED
GLIDER/OHAGEODAMS_2024 (600_500),2024_02_25_06_00_00.wav,FINISHED,CREATED
GLIDER/OHAGEODAMS_2024 (600_500),2024_02_25_06_10_00.wav,FINISHED,CREATED
GLIDER/OHAGEODAMS_2024 (600_500),2024_02_25_06_20_00.wav,FINISHED,CREATED
GLIDER/OHAGEODAMS_2024 (600_500),2024_02_25_06_30_00.wav,FINISHED,CREATED
GLIDER/OHAGEODAMS_2024 (600_500),2024_02_25_06_40_00.wav,FINISHED,CREATED
GLIDER/OHAGEODAMS_2024 (600_500),2024_02_25_06_50_00.wav,FINISHED,CREATED
GLIDER/OHAGEODAMS_2024 (600_500),2024_02_25_07_00_00.wav,FINISHED,CREATED
GLIDER/OHAGEODAMS_2024 (600_500),2024_02_25_07_10_00.wav,FINISHED,CREATED
GLIDER/OHAGEODAMS_2024 (600_500),2024_02_25_07_20_00.wav,FINISHED,CREATED
GLIDER/OHAGEODAMS_2024 (600_500),2024_02_25_07_30_00.wav,FINISHED,CREATED
GLIDER/OHAGEODAMS_2024 (600_500),2024_02_25_07_40_00.wav,FINISHED,CREATED
GLIDER/OHAGEODAMS_2024 (600_500),2024_02_25_07_50_00.wav,FINISHED,CREATED
GLIDER/OHAGEODAMS_2024 (600_500),2024_02_25_08_00_00.wav,FINISHED,CREATED
GLIDER/OHAGEODAMS_2024 (600_500),2024_02_25_08_10_00.wav,FINISHED,CREATED
GLIDER/OHAGEODAMS_2024 (600_500),2024_02_25_08_20_00.wav,FINISHED,CREATED
GLIDER/OHAGEODAMS_2024 (600_500),2024_02_25_08_30_00.wav,FINISHED,CREATED
GLIDER/OHAGEODAMS_2024 (600_500),2024_02_25_08_40_00.wav,FINISHED,CREATED
GLIDER/OHAGEODAMS_2024 (600_500),2024_02_25_08_50_00.wav,FINISHED,CREATED
GLIDER/OHAGEODAMS_2024 (600_500),2024_02_25_09_00_00.wav,FINISHED,CREATED
GLIDER/OHAGEODAMS_2024 (600_500),2024_02_25_09_10_00.wav,FINISHED,CREATED
GLIDER/OHAGEODAMS_2024 (600_500),2024_02_25_09_20_00.wav,FINISHED,CREATED
GLIDER/OHAGEODAMS_2024 (600_500),2024_02_25_09_30_00.wav,FINISHED,CREATED
GLIDER/OHAGEODAMS_2024 (600_500),2024_02_25_09_40_00.wav,FINISHED,CREATED
GLIDER/OHAGEODAMS_2024 (600_500),2024_02_25_09_50_00.wav,FINISHED,CREATED
GLIDER/OHAGEODAMS_2024 (600_500),2024_02_25_10_00_00.wav,FINISHED,CREATED
GLIDER/OHAGEODAMS_2024 (600_500),2024_02_25_10_10_00.wav,FINISHED,CREATED
GLIDER/OHAGEODAMS_2024 (600_500),2024_02_25_10_20_00.wav,FINISHED,CREATED
GLIDER/OHAGEODAMS_2024 (600_500),2024_02_25_10_30_00.wav,FINISHED,CREATED
GLIDER/OHAGEODAMS_2024 (600_500),2024_02_25_10_40_00.wav,FINISHED,CREATED
GLIDER/OHAGEODAMS_2024 (600_500),2024_02_25_10_50_00.wav,FINISHED,CREATED
GLIDER/OHAGEODAMS_2024 (600_500),2024_02_25_11_00_00.wav,FINISHED,CREATED
GLIDER/OHAGEODAMS_2024 (600_500),2024_02_25_11_10_00.wav,FINISHED,CREATED
GLIDER/OHAGEODAMS_2024 (600_500),2024_02_25_11_20_00.wav,FINISHED,CREATED
GLIDER/OHAGEODAMS_2024 (600_500),2024_02_25_11_30_00.wav,FINISHED,CREATED
GLIDER/OHAGEODAMS_2024 (600_500),2024_02_25_11_40_00.wav,FINISHED,CREATED
GLIDER/OHAGEODAMS_2024 (600_500),2024_02_25_11_50_00.wav,FINISHED,CREATED
GLIDER/OHAGEODAMS_2024 (600_500),2024_02_25_12_00_00.wav,FINISHED,CREATED
GLIDER/OHAGEODAMS_2024 (600_500),2024_02_25_12_10_00.wav,FINISHED,CREATED
GLIDER/OHAGEODAMS_2024 (600_500),2024_02_25_12_20_00.wav,FINISHED,CREATED
GLIDER/OHAGEODAMS_2024 (600_500),2024_02_25_12_30_00.wav,FINISHED,CREATED
GLIDER/OHAGEODAMS_2024 (600_500),2024_02_25_12_40_00.wav,FINISHED,CREATED
GLIDER/OHAGEODAMS_2024 (600_500),2024_02_25_12_50_00.wav,FINISHED,CREATED
GLIDER/OHAGEODAMS_2024 (600_500),2024_02_25_13_00_00.wav,FINISHED,CREATED
GLIDER/OHAGEODAMS_2024 (600_500),2024_02_25_13_10_00.wav,FINISHED,CREATED
GLIDER/OHAGEODAMS_2024 (600_500),2024_02_25_13_20_00.wav,FINISHED,CREATED
GLIDER/OHAGEODAMS_2024 (600_500),2024_02_25_13_30_00.wav,FINISHED,CREATED
GLIDER/OHAGEODAMS_2024 (600_500),2024_02_25_13_40_00.wav,FINISHED,CREATED
GLIDER/OHAGEODAMS_2024 (600_500),2024_02_25_13_50_00.wav,FINISHED,CREATED
GLIDER/OHAGEODAMS_2024 (600_500),2024_02_25_14_00_00.wav,FINISHED,CREATED
GLIDER/OHAGEODAMS_2024 (600_500),2024_02_25_14_10_00.wav,FINISHED,CREATED
GLIDER/OHAGEODAMS_2024 (600_500),2024_02_25_14_20_00.wav,FINISHED,CREATED
GLIDER/OHAGEODAMS_2024 (600_500),2024_02_25_14_30_00.wav,FINISHED,CREATED
GLIDER/OHAGEODAMS_2024 (600_500),2024_02_25_14_40_00.wav,FINISHED,CREATED
GLIDER/OHAGEODAMS_2024 (600_500),2024_02_25_14_50_00.wav,FINISHED,CREATED
GLIDER/OHAGEODAMS_2024 (600_500),2024_02_25_15_00_00.wav,FINISHED,CREATED
GLIDER/OHAGEODAMS_2024 (600_500),2024_02_25_15_10_00.wav,FINISHED,CREATED
GLIDER/OHAGEODAMS_2024 (600_500),2024_02_25_15_20_00.wav,FINISHED,CREATED
GLIDER/OHAGEODAMS_2024 (600_500),2024_02_25_15_30_00.wav,FINISHED,CREATED
GLIDER/OHAGEODAMS_2024 (600_500),2024_02_25_15_40_00.wav,FINISHED,CREATED
GLIDER/OHAGEODAMS_2024 (600_500),2024_02_25_15_50_00.wav,FINISHED,CREATED
GLIDER/OHAGEODAMS_2024 (600_500),2024_02_25_16_00_00.wav,FINISHED,CREATED
GLIDER/OHAGEODAMS_2024 (600_500),2024_02_25_16_10_00.wav,FINISHED,CREATED
GLIDER/OHAGEODAMS_2024 (600_500),2024_02_25_16_20_00.wav,FINISHED,CREATED
GLIDER/OHAGEODAMS_2024 (600_500),2024_02_25_16_30_00.wav,FINISHED,CREATED
GLIDER/OHAGEODAMS_2024 (600_500),2024_02_25_16_40_00.wav,FINISHED,CREATED
GLIDER/OHAGEODAMS_2024 (600_500),2024_02_25_16_50_00.wav,FINISHED,CREATED
GLIDER/OHAGEODAMS_2024 (600_500),2024_02_25_17_00_00.wav,FINISHED,CREATED
GLIDER/OHAGEODAMS_2024 (600_500),2024_02_25_17_10_00.wav,FINISHED,CREATED
GLIDER/OHAGEODAMS_2024 (600_500),2024_02_25_17_20_00.wav,FINISHED,CREATED
GLIDER/OHAGEODAMS_2024 (600_500),2024_02_25_17_30_00.wav,FINISHED,CREATED
GLIDER/OHAGEODAMS_2024 (600_500),2024_02_25_17_40_00.wav,FINISHED,CREATED
GLIDER/OHAGEODAMS_2024 (600_500),2024_02_25_17_50_00.wav,FINISHED,CREATED
GLIDER/OHAGEODAMS_2024 (600_500),2024_02_25_18_00_00.wav,FINISHED,CREATED
GLIDER/OHAGEODAMS_2024 (600_500),2024_02_25_18_10_00.wav,FINISHED,CREATED
GLIDER/OHAGEODAMS_2024 (600_500),2024_02_25_18_20_00.wav,FINISHED,CREATED
GLIDER/OHAGEODAMS_2024 (600_500),2024_02_25_18_30_00.wav,FINISHED,CREATED
GLIDER/OHAGEODAMS_2024 (600_500),2024_02_25_18_40_00.wav,FINISHED,CREATED
GLIDER/OHAGEODAMS_2024 (600_500),2024_02_25_18_50_00.wav,FINISHED,CREATED
GLIDER/OHAGEODAMS_2024 (600_500),2024_02_25_19_00_00.wav,FINISHED,CREATED
GLIDER/OHAGEODAMS_2024 (600_500),2024_02_25_19_10_00.wav,FINISHED,CREATED
GLIDER/OHAGEODAMS_2024 (600_500),2024_02_25_19_20_00.wav,FINISHED,CREATED
GLIDER/OHAGEODAMS_2024 (600_500),2024_02_25_19_30_00.wav,FINISHED,CREATED
GLIDER/OHAGEODAMS_2024 (600_500),2024_02_25_19_40_00.wav,FINISHED,CREATED
GLIDER/OHAGEODAMS_2024 (600_500),2024_02_25_19_50_00.wav,FINISHED,CREATED
GLIDER/OHAGEODAMS_2024 (600_500),2024_02_25_20_00_00.wav,FINISHED,CREATED
GLIDER/OHAGEODAMS_2024 (600_500),2024_02_25_20_10_00.wav,FINISHED,CREATED
GLIDER/OHAGEODAMS_2024 (600_500),2024_02_25_20_20_00.wav,FINISHED,CREATED
GLIDER/OHAGEODAMS_2024 (600_500),2024_02_25_20_30_00.wav,FINISHED,CREATED
GLIDER/OHAGEODAMS_2024 (600_500),2024_02_25_20_40_00.wav,FINISHED,CREATED
GLIDER/OHAGEODAMS_2024 (600_500),2024_02_25_20_50_00.wav,FINISHED,CREATED
GLIDER/OHAGEODAMS_2024 (600_500),2024_02_25_21_00_00.wav,FINISHED,CREATED
GLIDER/OHAGEODAMS_2024 (600_500),2024_02_25_21_10_00.wav,FINISHED,CREATED
GLIDER/OHAGEODAMS_2024 (600_500),2024_02_25_21_20_00.wav,FINISHED,CREATED
GLIDER/OHAGEODAMS_2024 (600_500),2024_02_25_21_30_00.wav,FINISHED,CREATED
GLIDER/OHAGEODAMS_2024 (600_500),2024_02_25_21_40_00.wav,FINISHED,CREATED
GLIDER/OHAGEODAMS_2024 (600_500),2024_02_25_21_50_00.wav,FINISHED,CREATED
GLIDER/OHAGEODAMS_2024 (600_500),2024_02_25_22_00_00.wav,FINISHED,CREATED
GLIDER/OHAGEODAMS_2024 (600_500),2024_02_25_22_10_00.wav,FINISHED,CREATED
GLIDER/OHAGEODAMS_2024 (600_500),2024_02_25_22_20_00.wav,FINISHED,CREATED
GLIDER/OHAGEODAMS_2024 (600_500),2024_02_25_22_30_00.wav,FINISHED,CREATED
GLIDER/OHAGEODAMS_2024 (600_500),2024_02_25_22_40_00.wav,FINISHED,CREATED
GLIDER/OHAGEODAMS_2024 (600_500),2024_02_25_22_50_00.wav,FINISHED,CREATED
GLIDER/OHAGEODAMS_2024 (600_500),2024_02_25_23_00_00.wav,FINISHED,CREATED
GLIDER/OHAGEODAMS_2024 (600_500),2024_02_25_23_10_00.wav,FINISHED,CREATED
GLIDER/OHAGEODAMS_2024 (600_500),2024_02_25_23_20_00.wav,FINISHED,CREATED
GLIDER/OHAGEODAMS_2024 (600_500),2024_02_25_23_30_00.wav,FINISHED,CREATED
GLIDER/OHAGEODAMS_2024 (600_500),2024_02_25_23_40_00.wav,FINISHED,CREATED
GLIDER/OHAGEODAMS_2024 (600_500),2024_02_25_23_50_00.wav,FINISHED,CREATED
GLIDER/OHAGEODAMS_2024 (600_500),2024_02_26_00_00_00.wav,FINISHED,CREATED
GLIDER/OHAGEODAMS_2024 (600_500),2024_02_26_00_10_00.wav,FINISHED,CREATED
GLIDER/OHAGEODAMS_2024 (600_500),2024_02_26_00_20_00.wav,FINISHED,CREATED
GLIDER/OHAGEODAMS_2024 (600_500),2024_02_26_00_30_00.wav,FINISHED,CREATED
GLIDER/OHAGEODAMS_2024 (600_500),2024_02_26_00_40_00.wav,FINISHED,CREATED
GLIDER/OHAGEODAMS_2024 (600_500),2024_02_26_00_50_00.wav,FINISHED,CREATED
GLIDER/OHAGEODAMS_2024 (600_500),2024_02_26_01_00_00.wav,FINISHED,CREATED
GLIDER/OHAGEODAMS_2024 (600_500),2024_02_26_01_10_00.wav,FINISHED,CREATED
GLIDER/OHAGEODAMS_2024 (600_500),2024_02_26_01_20_00.wav,FINISHED,CREATED
GLIDER/OHAGEODAMS_2024 (600_500),2024_02_26_01_30_00.wav,FINISHED,CREATED
GLIDER/OHAGEODAMS_2024 (600_500),2024_02_26_01_40_00.wav,FINISHED,CREATED
GLIDER/OHAGEODAMS_2024 (600_500),2024_02_26_01_50_00.wav,FINISHED,CREATED
GLIDER/OHAGEODAMS_2024 (600_500),2024_02_26_02_00_00.wav,FINISHED,CREATED
GLIDER/OHAGEODAMS_2024 (600_500),2024_02_26_02_10_00.wav,FINISHED,CREATED
GLIDER/OHAGEODAMS_2024 (600_500),2024_02_26_02_20_00.wav,FINISHED,CREATED
GLIDER/OHAGEODAMS_2024 (600_500),2024_02_26_02_30_00.wav,FINISHED,CREATED
GLIDER/OHAGEODAMS_2024 (600_500),2024_02_26_02_40_00.wav,FINISHED,CREATED
GLIDER/OHAGEODAMS_2024 (600_500),2024_02_26_02_50_00.wav,FINISHED,CREATED
GLIDER/OHAGEODAMS_2024 (600_500),2024_02_26_03_00_00.wav,FINISHED,CREATED
GLIDER/OHAGEODAMS_2024 (600_500),2024_02_26_03_10_00.wav,FINISHED,CREATED
GLIDER/OHAGEODAMS_2024 (600_500),2024_02_26_03_20_00.wav,FINISHED,CREATED
GLIDER/OHAGEODAMS_2024 (600_500),2024_02_26_03_30_00.wav,FINISHED,CREATED
GLIDER/OHAGEODAMS_2024 (600_500),2024_02_26_03_40_00.wav,FINISHED,CREATED
GLIDER/OHAGEODAMS_2024 (600_500),2024_02_26_03_50_00.wav,FINISHED,CREATED
GLIDER/OHAGEODAMS_2024 (600_500),2024_02_26_04_00_00.wav,FINISHED,CREATED
GLIDER/OHAGEODAMS_2024 (600_500),2024_02_26_04_10_00.wav,FINISHED,CREATED
GLIDER/OHAGEODAMS_2024 (600_500),2024_02_26_04_20_00.wav,FINISHED,CREATED
GLIDER/OHAGEODAMS_2024 (600_500),2024_02_26_04_30_00.wav,FINISHED,CREATED
GLIDER/OHAGEODAMS_2024 (600_500),2024_02_26_04_40_00.wav,FINISHED,CREATED
GLIDER/OHAGEODAMS_2024 (600_500),2024_02_26_04_50_00.wav,FINISHED,CREATED
GLIDER/OHAGEODAMS_2024 (600_500),2024_02_26_05_00_00.wav,FINISHED,CREATED
GLIDER/OHAGEODAMS_2024 (600_500),2024_02_26_05_10_00.wav,FINISHED,CREATED
GLIDER/OHAGEODAMS_2024 (600_500),2024_02_26_05_20_00.wav,FINISHED,CREATED
GLIDER/OHAGEODAMS_2024 (600_500),2024_02_26_05_30_00.wav,FINISHED,CREATED
GLIDER/OHAGEODAMS_2024 (600_500),2024_02_26_05_40_00.wav,FINISHED,CREATED
GLIDER/OHAGEODAMS_2024 (600_500),2024_02_26_05_50_00.wav,FINISHED,CREATED
GLIDER/OHAGEODAMS_2024 (600_500),2024_02_26_06_00_00.wav,FINISHED,CREATED
GLIDER/OHAGEODAMS_2024 (600_500),2024_02_26_06_10_00.wav,FINISHED,CREATED
GLIDER/OHAGEODAMS_2024 (600_500),2024_02_26_06_20_00.wav,FINISHED,CREATED
GLIDER/OHAGEODAMS_2024 (600_500),2024_02_26_06_30_00.wav,FINISHED,CREATED
GLIDER/OHAGEODAMS_2024 (600_500),2024_02_26_06_40_00.wav,FINISHED,CREATED
GLIDER/OHAGEODAMS_2024 (600_500),2024_02_26_06_50_00.wav,FINISHED,CREATED
GLIDER/OHAGEODAMS_2024 (600_500),2024_02_26_07_00_00.wav,FINISHED,CREATED
GLIDER/OHAGEODAMS_2024 (600_500),2024_02_26_07_10_00.wav,FINISHED,CREATED
GLIDER/OHAGEODAMS_2024 (600_500),2024_02_26_07_20_00.wav,FINISHED,CREATED
GLIDER/OHAGEODAMS_2024 (600_500),2024_02_26_07_30_00.wav,UNASSIGNED,FINISHED
GLIDER/OHAGEODAMS_2024 (600_500),2024_02_26_07_40_00.wav,UNASSIGNED,FINISHED
GLIDER/OHAGEODAMS_2024 (600_500),2024_02_26_07_50_00.wav,UNASSIGNED,FINISHED
GLIDER/OHAGEODAMS_2024 (600_500),2024_02_26_08_00_00.wav,UNASSIGNED,FINISHED
GLIDER/OHAGEODAMS_2024 (600_500),2024_02_26_08_10_00.wav,UNASSIGNED,FINISHED
GLIDER/OHAGEODAMS_2024 (600_500),2024_02_26_08_20_00.wav,UNASSIGNED,FINISHED
GLIDER/OHAGEODAMS_2024 (600_500),2024_02_26_08_30_00.wav,UNASSIGNED,FINISHED
GLIDER/OHAGEODAMS_2024 (600_500),2024_02_26_08_40_00.wav,UNASSIGNED,FINISHED
GLIDER/OHAGEODAMS_2024 (600_500),2024_02_26_08_50_00.wav,UNASSIGNED,FINISHED
GLIDER/OHAGEODAMS_2024 (600_500),2024_02_26_09_00_00.wav,UNASSIGNED,FINISHED
GLIDER/OHAGEODAMS_2024 (600_500),2024_02_26_09_10_00.wav,UNASSIGNED,FINISHED
GLIDER/OHAGEODAMS_2024 (600_500),2024_02_26_09_20_00.wav,UNASSIGNED,FINISHED
GLIDER/OHAGEODAMS_2024 (600_500),2024_02_26_09_30_00.wav,UNASSIGNED,FINISHED
GLIDER/OHAGEODAMS_2024 (600_500),2024_02_26_09_40_00.wav,UNASSIGNED,FINISHED
GLIDER/OHAGEODAMS_2024 (600_500),2024_02_26_09_50_00.wav,UNASSIGNED,FINISHED
GLIDER/OHAGEODAMS_2024 (600_500),2024_02_26_10_00_00.wav,UNASSIGNED,FINISHED
GLIDER/OHAGEODAMS_2024 (600_500),2024_02_26_10_10_00.wav,UNASSIGNED,FINISHED
GLIDER/OHAGEODAMS_2024 (600_500),2024_02_26_10_20_00.wav,UNASSIGNED,FINISHED
GLIDER/OHAGEODAMS_2024 (600_500),2024_02_26_10_30_00.wav,UNASSIGNED,FINISHED
GLIDER/OHAGEODAMS_2024 (600_500),2024_02_26_10_40_00.wav,UNASSIGNED,FINISHED
GLIDER/OHAGEODAMS_2024 (600_500),2024_02_26_10_50_00.wav,UNASSIGNED,FINISHED
GLIDER/OHAGEODAMS_2024 (600_500),2024_02_26_11_00_00.wav,UNASSIGNED,FINISHED
GLIDER/OHAGEODAMS_2024 (600_500),2024_02_26_11_10_00.wav,UNASSIGNED,FINISHED
GLIDER/OHAGEODAMS_2024 (600_500),2024_02_26_11_20_00.wav,UNASSIGNED,FINISHED
GLIDER/OHAGEODAMS_2024 (600_500),2024_02_26_11_30_00.wav,UNASSIGNED,FINISHED
GLIDER/OHAGEODAMS_2024 (600_500),2024_02_26_11_40_00.wav,UNASSIGNED,FINISHED
GLIDER/OHAGEODAMS_2024 (600_500),2024_02_26_11_50_00.wav,UNASSIGNED,FINISHED
GLIDER/OHAGEODAMS_2024 (600_500),2024_02_26_12_00_00.wav,UNASSIGNED,FINISHED
GLIDER/OHAGEODAMS_2024 (600_500),2024_02_26_12_10_00.wav,UNASSIGNED,FINISHED
GLIDER/OHAGEODAMS_2024 (600_500),2024_02_26_12_20_00.wav,UNASSIGNED,FINISHED
GLIDER/OHAGEODAMS_2024 (600_500),2024_02_26_12_30_00.wav,UNASSIGNED,FINISHED
GLIDER/OHAGEODAMS_2024 (600_500),2024_02_26_12_40_00.wav,UNASSIGNED,FINISHED
GLIDER/OHAGEODAMS_2024 (600_500),2024_02_26_12_50_00.wav,UNASSIGNED,FINISHED
GLIDER/OHAGEODAMS_2024 (600_500),2024_02_26_13_00_00.wav,UNASSIGNED,FINISHED
GLIDER/OHAGEODAMS_2024 (600_500),2024_02_26_13_10_00.wav,UNASSIGNED,FINISHED
GLIDER/OHAGEODAMS_2024 (600_500),2024_02_26_13_20_00.wav,UNASSIGNED,FINISHED
GLIDER/OHAGEODAMS_2024 (600_500),2024_02_26_13_30_00.wav,UNASSIGNED,FINISHED
GLIDER/OHAGEODAMS_2024 (600_500),2024_02_26_13_40_00.wav,UNASSIGNED,FINISHED
GLIDER/OHAGEODAMS_2024 (600_500),2024_02_26_13_50_00.wav,UNASSIGNED,FINISHED
GLIDER/OHAGEODAMS_2024 (600_500),2024_02_26_14_00_00.wav,UNASSIGNED,FINISHED
GLIDER/OHAGEODAMS_2024 (600_500),2024_02_26_14_10_00.wav,UNASSIGNED,FINISHED
GLIDER/OHAGEODAMS_2024 (600_500),2024_02_26_14_20_00.wav,UNASSIGNED,FINISHED
GLIDER/OHAGEODAMS_2024 (600_500),2024_02_26_14_30_00.wav,UNASSIGNED,FINISHED
GLIDER/OHAGEODAMS_2024 (600_500),2024_02_26_14_40_00.wav,UNASSIGNED,FINISHED
GLIDER/OHAGEODAMS_2024 (600_500),2024_02_26_14_50_00.wav,UNASSIGNED,FINISHED
GLIDER/OHAGEODAMS_2024 (600_500),2024_02_26_15_00_00.wav,UNASSIGNED,FINISHED
GLIDER/OHAGEODAMS_2024 (600_500),2024_02_26_15_10_00.wav,UNASSIGNED,FINISHED
GLIDER/OHAGEODAMS_2024 (600_500),2024_02_26_15_20_00.wav,UNASSIGNED,FINISHED
GLIDER/OHAGEODAMS_2024 (600_500),2024_02_26_15_30_00.wav,UNASSIGNED,FINISHED
GLIDER/OHAGEODAMS_2024 (600_500),2024_02_26_15_40_00.wav,UNASSIGNED,FINISHED
GLIDER/OHAGEODAMS_2024 (600_500),2024_02_26_15_50_00.wav,UNASSIGNED,FINISHED
GLIDER/OHAGEODAMS_2024 (600_500),2024_02_26_16_00_00.wav,UNASSIGNED,FINISHED
GLIDER/OHAGEODAMS_2024 (600_500),2024_02_26_16_10_00.wav,UNASSIGNED,FINISHED
GLIDER/OHAGEODAMS_2024 (600_500),2024_02_26_16_20_00.wav,UNASSIGNED,FINISHED
GLIDER/OHAGEODAMS_2024 (600_500),2024_02_26_16_30_00.wav,UNASSIGNED,FINISHED
GLIDER/OHAGEODAMS_2024 (600_500),2024_02_26_16_40_00.wav,UNASSIGNED,FINISHED
GLIDER/OHAGEODAMS_2024 (600_500),2024_02_26_16_50_00.wav,UNASSIGNED,FINISHED
GLIDER/OHAGEODAMS_2024 (600_500),2024_02_26_17_00_00.wav,UNASSIGNED,FINISHED
GLIDER/OHAGEODAMS_2024 (600_500),2024_02_26_17_10_00.wav,UNASSIGNED,FINISHED
GLIDER/OHAGEODAMS_2024 (600_500),2024_02_26_17_20_00.wav,UNASSIGNED,FINISHED
GLIDER/OHAGEODAMS_2024 (600_500),2024_02_26_17_30_00.wav,UNASSIGNED,FINISHED
GLIDER/OHAGEODAMS_2024 (600_500),2024_02_26_17_40_00.wav,UNASSIGNED,FINISHED
GLIDER/OHAGEODAMS_2024 (600_500),2024_02_26_17_50_00.wav,UNASSIGNED,FINISHED
GLIDER/OHAGEODAMS_2024 (600_500),2024_02_26_18_00_00.wav,UNASSIGNED,FINISHED
GLIDER/OHAGEODAMS_2024 (600_500),2024_02_26_18_10_00.wav,UNASSIGNED,FINISHED
GLIDER/OHAGEODAMS_2024 (600_500),2024_02_26_18_20_00.wav,UNASSIGNED,FINISHED
GLIDER/OHAGEODAMS_2024 (600_500),2024_02_26_18_30_00.wav,UNASSIGNED,FINISHED
GLIDER/OHAGEODAMS_2024 (600_500),2024_02_26_18_40_00.wav,UNASSIGNED,FINISHED
GLIDER/OHAGEODAMS_2024 (600_500),2024_02_26_18_50_00.wav,UNASSIGNED,FINISHED
GLIDER/OHAGEODAMS_2024 (600_500),2024_02_26_19_00_00.wav,UNASSIGNED,FINISHED
GLIDER/OHAGEODAMS_2024 (600_500),2024_02_26_19_10_00.wav,UNASSIGNED,FINISHED
GLIDER/OHAGEODAMS_2024 (600_500),2024_02_26_19_20_00.wav,UNASSIGNED,FINISHED
GLIDER/OHAGEODAMS_2024 (600_500),2024_02_26_19_30_00.wav,UNASSIGNED,FINISHED
GLIDER/OHAGEODAMS_2024 (600_500),2024_02_26_19_40_00.wav,UNASSIGNED,FINISHED
GLIDER/OHAGEODAMS_2024 (600_500),2024_02_26_19_50_00.wav,UNASSIGNED,FINISHED
GLIDER/OHAGEODAMS_2024 (600_500),2024_02_26_20_00_00.wav,UNASSIGNED,FINISHED
GLIDER/OHAGEODAMS_2024 (600_500),2024_02_26_20_10_00.wav,UNASSIGNED,FINISHED
GLIDER/OHAGEODAMS_2024 (600_500),2024_02_26_20_20_00.wav,UNASSIGNED,FINISHED
GLIDER/OHAGEODAMS_2024 (600_500),2024_02_26_20_30_00.wav,UNASSIGNED,FINISHED
GLIDER/OHAGEODAMS_2024 (600_500),2024_02_26_20_40_00.wav,UNASSIGNED,FINISHED
GLIDER/OHAGEODAMS_2024 (600_500),2024_02_26_20_50_00.wav,UNASSIGNED,FINISHED
GLIDER/OHAGEODAMS_2024 (600_500),2024_02_26_21_00_00.wav,UNASSIGNED,FINISHED
GLIDER/OHAGEODAMS_2024 (600_500),2024_02_26_21_10_00.wav,UNASSIGNED,FINISHED
GLIDER/OHAGEODAMS_2024 (600_500),2024_02_26_21_20_00.wav,UNASSIGNED,FINISHED
GLIDER/OHAGEODAMS_2024 (600_500),2024_02_26_21_30_00.wav,UNASSIGNED,FINISHED
GLIDER/OHAGEODAMS_2024 (600_500),2024_02_26_21_40_00.wav,UNASSIGNED,FINISHED
GLIDER/OHAGEODAMS_2024 (600_500),2024_02_26_21_50_00.wav,UNASSIGNED,FINISHED
GLIDER/OHAGEODAMS_2024 (600_500),2024_02_26_22_00_00.wav,UNASSIGNED,FINISHED
GLIDER/OHAGEODAMS_2024 (600_500),2024_02_26_22_10_00.wav,UNASSIGNED,FINISHED
GLIDER/OHAGEODAMS_2024 (600_500),2024_02_26_22_20_00.wav,UNASSIGNED,FINISHED
GLIDER/OHAGEODAMS_2024 (600_500),2024_02_26_22_30_00.wav,UNASSIGNED,FINISHED
GLIDER/OHAGEODAMS_2024 (600_500),2024_02_26_22_40_00.wav,UNASSIGNED,FINISHED
GLIDER/OHAGEODAMS_2024 (600_500),2024_02_26_22_50_00.wav,UNASSIGNED,FINISHED
GLIDER/OHAGEODAMS_2024 (600_500),2024_02_26_23_00_00.wav,UNASSIGNED,FINISHED
GLIDER/OHAGEODAMS_2024 (600_500),2024_02_26_23_10_00.wav,UNASSIGNED,FINISHED
GLIDER/OHAGEODAMS_2024 (600_500),2024_02_26_23_20_00.wav,UNASSIGNED,FINISHED
GLIDER/OHAGEODAMS_2024 (600_500),2024_02_26_23_30_00.wav,UNASSIGNED,FINISHED
GLIDER/OHAGEODAMS_2024 (600_500),2024_02_26_23_40_00.wav,UNASSIGNED,FINISHED
GLIDER/OHAGEODAMS_2024 (600_500),2024_02_26_23_50_00.wav,UNASSIGNED,FINISHED
GLIDER/OHAGEODAMS_2024 (600_500),2024_02_27_00_00_00.wav,UNASSIGNED,FINISHED
GLIDER/OHAGEODAMS_2024 (600_500),2024_02_27_00_10_00.wav,UNASSIGNED,FINISHED
GLIDER/OHAGEODAMS_2024 (600_500),2024_02_27_00_20_00.wav,UNASSIGNED,FINISHED
GLIDER/OHAGEODAMS_2024 (600_500),2024_02_27_00_30_00.wav,UNASSIGNED,FINISHED
GLIDER/OHAGEODAMS_2024 (600_500),2024_02_27_00_40_00.wav,UNASSIGNED,FINISHED
GLIDER/OHAGEODAMS_2024 (600_500),2024_02_27_00_50_00.wav,UNASSIGNED,FINISHED
GLIDER/OHAGEODAMS_2024 (600_500),2024_02_27_01_00_00.wav,UNASSIGNED,FINISHED
GLIDER/OHAGEODAMS_2024 (600_500),2024_02_27_01_10_00.wav,UNASSIGNED,FINISHED
GLIDER/OHAGEODAMS_2024 (600_500),2024_02_27_01_20_00.wav,UNASSIGNED,FINISHED
GLIDER/OHAGEODAMS_2024 (600_500),2024_02_27_01_30_00.wav,UNASSIGNED,FINISHED
GLIDER/OHAGEODAMS_2024 (600_500),2024_02_27_01_40_00.wav,UNASSIGNED,FINISHED
GLIDER/OHAGEODAMS_2024 (600_500),2024_02_27_01_50_00.wav,UNASSIGNED,FINISHED
GLIDER/OHAGEODAMS_2024 (600_500),2024_02_27_02_00_00.wav,UNASSIGNED,FINISHED
GLIDER/OHAGEODAMS_2024 (600_500),2024_02_27_02_10_00.wav,UNASSIGNED,FINISHED
GLIDER/OHAGEODAMS_2024 (600_500),2024_02_27_02_20_00.wav,UNASSIGNED,FINISHED
GLIDER/OHAGEODAMS_2024 (600_500),2024_02_27_02_30_00.wav,UNASSIGNED,FINISHED
GLIDER/OHAGEODAMS_2024 (600_500),2024_02_27_02_40_00.wav,UNASSIGNED,FINISHED
GLIDER/OHAGEODAMS_2024 (600_500),2024_02_27_02_50_00.wav,UNASSIGNED,FINISHED
GLIDER/OHAGEODAMS_2024 (600_500),2024_02_27_03_00_00.wav,UNASSIGNED,FINISHED
GLIDER/OHAGEODAMS_2024 (600_500),2024_02_27_03_10_00.wav,UNASSIGNED,FINISHED
GLIDER/OHAGEODAMS_2024 (600_500),2024_02_27_03_20_00.wav,UNASSIGNED,FINISHED
GLIDER/OHAGEODAMS_2024 (600_500),2024_02_27_03_30_00.wav,UNASSIGNED,FINISHED
GLIDER/OHAGEODAMS_2024 (600_500),2024_02_27_03_40_00.wav,UNASSIGNED,FINISHED
GLIDER/OHAGEODAMS_2024 (600_500),2024_02_27_03_50_00.wav,UNASSIGNED,FINISHED
GLIDER/OHAGEODAMS_2024 (600_500),2024_02_27_04_00_00.wav,UNASSIGNED,FINISHED
GLIDER/OHAGEODAMS_2024 (600_500),2024_02_27_04_10_00.wav,UNASSIGNED,FINISHED
GLIDER/OHAGEODAMS_2024 (600_500),2024_02_27_04_20_00.wav,UNASSIGNED,FINISHED
GLIDER/OHAGEODAMS_2024 (600_500),2024_02_27_04_30_00.wav,UNASSIGNED,FINISHED
GLIDER/OHAGEODAMS_2024 (600_500),2024_02_27_04_40_00.wav,UNASSIGNED,FINISHED
GLIDER/OHAGEODAMS_2024 (600_500),2024_02_27_04_50_00.wav,UNASSIGNED,FINISHED
GLIDER/OHAGEODAMS_2024 (600_500),2024_02_27_05_00_00.wav,UNASSIGNED,FINISHED
GLIDER/OHAGEODAMS_2024 (600_500),2024_02_27_05_10_00.wav,UNASSIGNED,FINISHED
GLIDER/OHAGEODAMS_2024 (600_500),2024_02_27_05_20_00.wav,UNASSIGNED,FINISHED
GLIDER/OHAGEODAMS_2024 (600_500),2024_02_27_05_30_00.wav,UNASSIGNED,FINISHED
GLIDER/OHAGEODAMS_2024 (600_500),2024_02_27_05_40_00.wav,UNASSIGNED,FINISHED
GLIDER/OHAGEODAMS_2024 (600_500),2024_02_27_05_50_00.wav,UNASSIGNED,FINISHED
GLIDER/OHAGEODAMS_2024 (600_500),2024_02_27_06_00_00.wav,UNASSIGNED,FINISHED
GLIDER/OHAGEODAMS_2024 (600_500),2024_02_27_06_10_00.wav,UNASSIGNED,FINISHED
GLIDER/OHAGEODAMS_2024 (600_500),2024_02_27_06_20_00.wav,UNASSIGNED,FINISHED
GLIDER/OHAGEODAMS_2024 (600_500),2024_02_27_06_30_00.wav,UNASSIGNED,FINISHED
GLIDER/OHAGEODAMS_2024 (600_500),2024_02_27_06_40_00.wav,UNASSIGNED,FINISHED
GLIDER/OHAGEODAMS_2024 (600_500),2024_02_27_06_50_00.wav,UNASSIGNED,FINISHED
GLIDER/OHAGEODAMS_2024 (600_500),2024_02_27_07_00_00.wav,UNASSIGNED,FINISHED
GLIDER/OHAGEODAMS_2024 (600_500),2024_02_27_07_10_00.wav,UNASSIGNED,FINISHED
GLIDER/OHAGEODAMS_2024 (600_500),2024_02_27_07_20_00.wav,UNASSIGNED,FINISHED
GLIDER/OHAGEODAMS_2024 (600_500),2024_02_27_07_30_00.wav,UNASSIGNED,FINISHED
GLIDER/OHAGEODAMS_2024 (600_500),2024_02_27_07_40_00.wav,UNASSIGNED,FINISHED
GLIDER/OHAGEODAMS_2024 (600_500),2024_02_27_07_50_00.wav,UNASSIGNED,FINISHED
GLIDER/OHAGEODAMS_2024 (600_500),2024_02_27_08_00_00.wav,UNASSIGNED,FINISHED
GLIDER/OHAGEODAMS_2024 (600_500),2024_02_27_08_10_00.wav,UNASSIGNED,FINISHED
GLIDER/OHAGEODAMS_2024 (600_500),2024_02_27_08_20_00.wav,UNASSIGNED,FINISHED
GLIDER/OHAGEODAMS_2024 (600_500),2024_02_27_08_30_00.wav,UNASSIGNED,FINISHED
GLIDER/OHAGEODAMS_2024 (600_500),2024_02_27_08_40_00.wav,UNASSIGNED,FINISHED
GLIDER/OHAGEODAMS_2024 (600_500),2024_02_27_08_50_00.wav,UNASSIGNED,FINISHED
GLIDER/OHAGEODAMS_2024 (600_500),2024_02_27_09_00_00.wav,UNASSIGNED,FINISHED
GLIDER/OHAGEODAMS_2024 (600_500),2024_02_27_09_10_00.wav,UNASSIGNED,FINISHED
GLIDER/OHAGEODAMS_2024 (600_500),2024_02_27_09_20_00.wav,UNASSIGNED,FINISHED
GLIDER/OHAGEODAMS_2024 (600_500),2024_02_27_09_30_00.wav,UNASSIGNED,FINISHED
GLIDER/OHAGEODAMS_2024 (600_500),2024_02_27_09_40_00.wav,UNASSIGNED,FINISHED
GLIDER/OHAGEODAMS_2024 (600_500),2024_02_27_09_50_00.wav,UNASSIGNED,FINISHED
GLIDER/OHAGEODAMS_2024 (600_500),2024_02_27_10_00_00.wav,UNASSIGNED,FINISHED
GLIDER/OHAGEODAMS_2024 (600_500),2024_02_27_10_10_00.wav,UNASSIGNED,FINISHED
GLIDER/OHAGEODAMS_2024 (600_500),2024_02_27_10_20_00.wav,UNASSIGNED,FINISHED
GLIDER/OHAGEODAMS_2024 (600_500),2024_02_27_10_30_00.wav,UNASSIGNED,FINISHED
GLIDER/OHAGEODAMS_2024 (600_500),2024_02_27_10_40_00.wav,UNASSIGNED,FINISHED
GLIDER/OHAGEODAMS_2024 (600_500),2024_02_27_10_50_00.wav,UNASSIGNED,FINISHED
GLIDER/OHAGEODAMS_2024 (600_500),2024_02_27_11_00_00.wav,UNASSIGNED,FINISHED
GLIDER/OHAGEODAMS_2024 (600_500),2024_02_27_11_10_00.wav,UNASSIGNED,FINISHED
GLIDER/OHAGEODAMS_2024 (600_500),2024_02_27_11_20_00.wav,UNASSIGNED,FINISHED
GLIDER/OHAGEODAMS_2024 (600_500),2024_02_27_11_30_00.wav,UNASSIGNED,FINISHED
GLIDER/OHAGEODAMS_2024 (600_500),2024_02_27_11_40_00.wav,UNASSIGNED,FINISHED
GLIDER/OHAGEODAMS_2024 (600_500),2024_02_27_11_50_00.wav,UNASSIGNED,FINISHED
GLIDER/OHAGEODAMS_2024 (600_500),2024_02_27_12_00_00.wav,UNASSIGNED,FINISHED
GLIDER/OHAGEODAMS_2024 (600_500),2024_02_27_12_10_00.wav,UNASSIGNED,FINISHED
GLIDER/OHAGEODAMS_2024 (600_500),2024_02_27_12_20_00.wav,UNASSIGNED,FINISHED
GLIDER/OHAGEODAMS_2024 (600_500),2024_02_27_12_30_00.wav,UNASSIGNED,FINISHED
GLIDER/OHAGEODAMS_2024 (600_500),2024_02_27_12_40_00.wav,UNASSIGNED,FINISHED
GLIDER/OHAGEODAMS_2024 (600_500),2024_02_27_12_50_00.wav,UNASSIGNED,FINISHED
GLIDER/OHAGEODAMS_2024 (600_500),2024_02_27_13_00_00.wav,UNASSIGNED,FINISHED
GLIDER/OHAGEODAMS_2024 (600_500),2024_02_27_13_10_00.wav,UNASSIGNED,FINISHED
GLIDER/OHAGEODAMS_2024 (600_500),2024_02_27_13_20_00.wav,UNASSIGNED,FINISHED
GLIDER/OHAGEODAMS_2024 (600_500),2024_02_27_13_30_00.wav,UNASSIGNED,FINISHED
GLIDER/OHAGEODAMS_2024 (600_500),2024_02_27_13_40_00.wav,UNASSIGNED,FINISHED
GLIDER/OHAGEODAMS_2024 (600_500),2024_02_27_13_50_00.wav,UNASSIGNED,FINISHED
GLIDER/OHAGEODAMS_2024 (600_500),2024_02_27_14_00_00.wav,UNASSIGNED,FINISHED
GLIDER/OHAGEODAMS_2024 (600_500),2024_02_27_14_10_00.wav,UNASSIGNED,FINISHED
GLIDER/OHAGEODAMS_2024 (600_500),2024_02_27_14_20_00.wav,UNASSIGNED,FINISHED
GLIDER/OHAGEODAMS_2024 (600_500),2024_02_27_14_30_00.wav,UNASSIGNED,FINISHED
GLIDER/OHAGEODAMS_2024 (600_500),2024_02_27_14_40_00.wav,UNASSIGNED,FINISHED
GLIDER/OHAGEODAMS_2024 (600_500),2024_02_27_14_50_00.wav,UNASSIGNED,FINISHED
GLIDER/OHAGEODAMS_2024 (600_500),2024_02_27_15_00_00.wav,UNASSIGNED,FINISHED
GLIDER/OHAGEODAMS_2024 (600_500),2024_02_27_15_10_00.wav,UNASSIGNED,FINISHED
GLIDER/OHAGEODAMS_2024 (600_500),2024_02_27_15_20_00.wav,UNASSIGNED,FINISHED
GLIDER/OHAGEODAMS_2024 (600_500),2024_02_27_15_30_00.wav,UNASSIGNED,FINISHED
GLIDER/OHAGEODAMS_2024 (600_500),2024_02_27_15_40_00.wav,UNASSIGNED,FINISHED
GLIDER/OHAGEODAMS_2024 (600_500),2024_02_27_15_50_00.wav,UNASSIGNED,FINISHED
GLIDER/OHAGEODAMS_2024 (600_500),2024_02_27_16_00_00.wav,UNASSIGNED,FINISHED
GLIDER/OHAGEODAMS_2024 (600_500),2024_02_27_16_10_00.wav,UNASSIGNED,FINISHED
GLIDER/OHAGEODAMS_2024 (600_500),2024_02_27_16_20_00.wav,UNASSIGNED,FINISHED
GLIDER/OHAGEODAMS_2024 (600_500),2024_02_27_16_30_00.wav,UNASSIGNED,FINISHED
GLIDER/OHAGEODAMS_2024 (600_500),2024_02_27_16_40_00.wav,UNASSIGNED,FINISHED
GLIDER/OHAGEODAMS_2024 (600_500),2024_02_27_16_50_00.wav,UNASSIGNED,FINISHED
GLIDER/OHAGEODAMS_2024 (600_500),2024_02_27_17_00_00.wav,UNASSIGNED,FINISHED
GLIDER/OHAGEODAMS_2024 (600_500),2024_02_27_17_10_00.wav,UNASSIGNED,FINISHED
GLIDER/OHAGEODAMS_2024 (600_500),2024_02_27_17_20_00.wav,UNASSIGNED,FINISHED
GLIDER/OHAGEODAMS_2024 (600_500),2024_02_27_17_30_00.wav,UNASSIGNED,FINISHED
GLIDER/OHAGEODAMS_2024 (600_500),2024_02_27_17_40_00.wav,UNASSIGNED,FINISHED
GLIDER/OHAGEODAMS_2024 (600_500),2024_02_27_17_50_00.wav,UNASSIGNED,FINISHED
GLIDER/OHAGEODAMS_2024 (600_500),2024_02_27_18_00_00.wav,UNASSIGNED,FINISHED
GLIDER/OHAGEODAMS_2024 (600_500),2024_02_27_18_10_00.wav,UNASSIGNED,FINISHED
GLIDER/OHAGEODAMS_2024 (600_500),2024_02_27_18_20_00.wav,UNASSIGNED,FINISHED
GLIDER/OHAGEODAMS_2024 (600_500),2024_02_27_18_30_00.wav,UNASSIGNED,FINISHED
GLIDER/OHAGEODAMS_2024 (600_500),2024_02_27_18_40_00.wav,UNASSIGNED,FINISHED
GLIDER/OHAGEODAMS_2024 (600_500),2024_02_27_18_50_00.wav,UNASSIGNED,FINISHED
GLIDER/OHAGEODAMS_2024 (600_500),2024_02_27_19_00_00.wav,UNASSIGNED,FINISHED
GLIDER/OHAGEODAMS_2024 (600_500),2024_02_27_19_10_00.wav,UNASSIGNED,FINISHED
GLIDER/OHAGEODAMS_2024 (600_500),2024_02_27_19_20_00.wav,UNASSIGNED,FINISHED
GLIDER/OHAGEODAMS_2024 (600_500),2024_02_27_19_30_00.wav,UNASSIGNED,FINISHED
GLIDER/OHAGEODAMS_2024 (600_500),2024_02_27_19_40_00.wav,UNASSIGNED,FINISHED
GLIDER/OHAGEODAMS_2024 (600_500),2024_02_27_19_50_00.wav,UNASSIGNED,FINISHED
GLIDER/OHAGEODAMS_2024 (600_500),2024_02_27_20_00_00.wav,UNASSIGNED,FINISHED
GLIDER/OHAGEODAMS_2024 (600_500),2024_02_27_20_10_00.wav,UNASSIGNED,FINISHED
GLIDER/OHAGEODAMS_2024 (600_500),2024_02_27_20_20_00.wav,UNASSIGNED,FINISHED
GLIDER/OHAGEODAMS_2024 (600_500),2024_02_27_20_30_00.wav,UNASSIGNED,FINISHED
GLIDER/OHAGEODAMS_2024 (600_500),2024_02_27_20_40_00.wav,UNASSIGNED,FINISHED
GLIDER/OHAGEODAMS_2024 (600_500),2024_02_27_20_50_00.wav,UNASSIGNED,FINISHED
GLIDER/OHAGEODAMS_2024 (600_500),2024_02_27_21_00_00.wav,UNASSIGNED,FINISHED
GLIDER/OHAGEODAMS_2024 (600_500),2024_02_27_21_10_00.wav,UNASSIGNED,FINISHED
GLIDER/OHAGEODAMS_2024 (600_500),2024_02_27_21_20_00.wav,UNASSIGNED,FINISHED
GLIDER/OHAGEODAMS_2024 (600_500),2024_02_27_21_30_00.wav,UNASSIGNED,FINISHED
GLIDER/OHAGEODAMS_2024 (600_500),2024_02_27_21_40_00.wav,UNASSIGNED,FINISHED
GLIDER/OHAGEODAMS_2024 (600_500),2024_02_27_21_50_00.wav,UNASSIGNED,FINISHED
GLIDER/OHAGEODAMS_2024 (600_500),2024_02_27_22_00_00.wav,UNASSIGNED,FINISHED
GLIDER/OHAGEODAMS_2024 (600_500),2024_02_27_22_10_00.wav,UNASSIGNED,FINISHED
GLIDER/OHAGEODAMS_2024 (600_500),2024_02_27_22_20_00.wav,UNASSIGNED,FINISHED
GLIDER/OHAGEODAMS_2024 (600_500),2024_02_27_22_30_00.wav,UNASSIGNED,FINISHED
GLIDER/OHAGEODAMS_2024 (600_500),2024_02_27_22_40_00.wav,UNASSIGNED,FINISHED
GLIDER/OHAGEODAMS_2024 (600_500),2024_02_27_22_50_00.wav,UNASSIGNED,FINISHED
GLIDER/OHAGEODAMS_2024 (600_500),2024_02_27_23_00_00.wav,UNASSIGNED,FINISHED
GLIDER/OHAGEODAMS_2024 (600_500),2024_02_27_23_10_00.wav,UNASSIGNED,FINISHED
GLIDER/OHAGEODAMS_2024 (600_500),2024_02_27_23_20_00.wav,UNASSIGNED,FINISHED
GLIDER/OHAGEODAMS_2024 (600_500),2024_02_27_23_30_00.wav,UNASSIGNED,FINISHED
GLIDER/OHAGEODAMS_2024 (600_500),2024_02_27_23_40_00.wav,UNASSIGNED,FINISHED
GLIDER/OHAGEODAMS_2024 (600_500),2024_02_27_23_50_00.wav,UNASSIGNED,FINISHED
GLIDER/OHAGEODAMS_2024 (600_500),2024_02_28_00_00_00.wav,UNASSIGNED,FINISHED
GLIDER/OHAGEODAMS_2024 (600_500),2024_02_28_00_10_00.wav,UNASSIGNED,FINISHED
GLIDER/OHAGEODAMS_2024 (600_500),2024_02_28_00_20_00.wav,UNASSIGNED,FINISHED
GLIDER/OHAGEODAMS_2024 (600_500),2024_02_28_00_30_00.wav,UNASSIGNED,FINISHED
GLIDER/OHAGEODAMS_2024 (600_500),2024_02_28_00_40_00.wav,UNASSIGNED,FINISHED
GLIDER/OHAGEODAMS_2024 (600_500),2024_02_28_00_50_00.wav,UNASSIGNED,FINISHED
GLIDER/OHAGEODAMS_2024 (600_500),2024_02_28_01_00_00.wav,UNASSIGNED,FINISHED
GLIDER/OHAGEODAMS_2024 (600_500),2024_02_28_01_10_00.wav,UNASSIGNED,FINISHED
GLIDER/OHAGEODAMS_2024 (600_500),2024_02_28_01_20_00.wav,UNASSIGNED,FINISHED
GLIDER/OHAGEODAMS_2024 (600_500),2024_02_28_01_30_00.wav,UNASSIGNED,FINISHED
GLIDER/OHAGEODAMS_2024 (600_500),2024_02_28_01_40_00.wav,UNASSIGNED,FINISHED
GLIDER/OHAGEODAMS_2024 (600_500),2024_02_28_01_50_00.wav,UNASSIGNED,FINISHED
GLIDER/OHAGEODAMS_2024 (600_500),2024_02_28_02_00_00.wav,UNASSIGNED,FINISHED
GLIDER/OHAGEODAMS_2024 (600_500),2024_02_28_02_10_00.wav,UNASSIGNED,FINISHED
GLIDER/OHAGEODAMS_2024 (600_500),2024_02_28_02_20_00.wav,UNASSIGNED,FINISHED
GLIDER/OHAGEODAMS_2024 (600_500),2024_02_28_02_30_00.wav,UNASSIGNED,FINISHED
GLIDER/OHAGEODAMS_2024 (600_500),2024_02_28_02_40_00.wav,UNASSIGNED,FINISHED
GLIDER/OHAGEODAMS_2024 (600_500),2024_02_28_02_50_00.wav,UNASSIGNED,FINISHED
GLIDER/OHAGEODAMS_2024 (600_500),2024_02_28_03_00_00.wav,UNASSIGNED,FINISHED
GLIDER/OHAGEODAMS_2024 (600_500),2024_02_28_03_10_00.wav,UNASSIGNED,FINISHED
GLIDER/OHAGEODAMS_2024 (600_500),2024_02_28_03_20_00.wav,UNASSIGNED,FINISHED
GLIDER/OHAGEODAMS_2024 (600_500),2024_02_28_03_30_00.wav,UNASSIGNED,FINISHED
GLIDER/OHAGEODAMS_2024 (600_500),2024_02_28_03_40_00.wav,UNASSIGNED,FINISHED
GLIDER/OHAGEODAMS_2024 (600_500),2024_02_28_03_50_00.wav,UNASSIGNED,FINISHED
GLIDER/OHAGEODAMS_2024 (600_500),2024_02_28_04_00_00.wav,UNASSIGNED,FINISHED
GLIDER/OHAGEODAMS_2024 (600_500),2024_02_28_04_10_00.wav,UNASSIGNED,FINISHED
GLIDER/OHAGEODAMS_2024 (600_500),2024_02_28_04_20_00.wav,UNASSIGNED,FINISHED
GLIDER/OHAGEODAMS_2024 (600_500),2024_02_28_04_30_00.wav,UNASSIGNED,FINISHED
GLIDER/OHAGEODAMS_2024 (600_500),2024_02_28_04_40_00.wav,UNASSIGNED,FINISHED
GLIDER/OHAGEODAMS_2024 (600_500),2024_02_28_04_50_00.wav,UNASSIGNED,FINISHED
GLIDER/OHAGEODAMS_2024 (600_500),2024_02_28_05_00_00.wav,UNASSIGNED,FINISHED
GLIDER/OHAGEODAMS_2024 (600_500),2024_02_28_05_10_00.wav,UNASSIGNED,FINISHED
GLIDER/OHAGEODAMS_2024 (600_500),2024_02_28_05_20_00.wav,UNASSIGNED,FINISHED
GLIDER/OHAGEODAMS_2024 (600_500),2024_02_28_05_30_00.wav,UNASSIGNED,FINISHED
GLIDER/OHAGEODAMS_2024 (600_500),2024_02_28_05_40_00.wav,UNASSIGNED,FINISHED
GLIDER/OHAGEODAMS_2024 (600_500),2024_02_28_05_50_00.wav,UNASSIGNED,FINISHED
GLIDER/OHAGEODAMS_2024 (600_500),2024_02_28_06_00_00.wav,UNASSIGNED,FINISHED
GLIDER/OHAGEODAMS_2024 (600_500),2024_02_28_06_10_00.wav,UNASSIGNED,FINISHED
GLIDER/OHAGEODAMS_2024 (600_500),2024_02_28_06_20_00.wav,UNASSIGNED,FINISHED
GLIDER/OHAGEODAMS_2024 (600_500),2024_02_28_06_30_00.wav,UNASSIGNED,FINISHED
GLIDER/OHAGEODAMS_2024 (600_500),2024_02_28_06_40_00.wav,UNASSIGNED,FINISHED
GLIDER/OHAGEODAMS_2024 (600_500),2024_02_28_06_50_00.wav,UNASSIGNED,FINISHED
GLIDER/OHAGEODAMS_2024 (600_500),2024_02_28_07_00_00.wav,UNASSIGNED,FINISHED
GLIDER/OHAGEODAMS_2024 (600_500),2024_02_28_07_10_00.wav,UNASSIGNED,FINISHED
GLIDER/OHAGEODAMS_2024 (600_500),2024_02_28_07_20_00.wav,UNASSIGNED,FINISHED
GLIDER/OHAGEODAMS_2024 (600_500),2024_02_28_07_30_00.wav,UNASSIGNED,FINISHED
GLIDER/OHAGEODAMS_2024 (600_500),2024_02_28_07_40_00.wav,UNASSIGNED,FINISHED
GLIDER/OHAGEODAMS_2024 (600_500),2024_02_28_07_50_00.wav,UNASSIGNED,FINISHED
GLIDER/OHAGEODAMS_2024 (600_500),2024_02_28_08_00_00.wav,UNASSIGNED,FINISHED
GLIDER/OHAGEODAMS_2024 (600_500),2024_02_28_08_10_00.wav,UNASSIGNED,FINISHED
GLIDER/OHAGEODAMS_2024 (600_500),2024_02_28_08_20_00.wav,UNASSIGNED,FINISHED
GLIDER/OHAGEODAMS_2024 (600_500),2024_02_28_08_30_00.wav,UNASSIGNED,FINISHED
GLIDER/OHAGEODAMS_2024 (600_500),2024_02_28_08_40_00.wav,UNASSIGNED,FINISHED
GLIDER/OHAGEODAMS_2024 (600_500),2024_02_28_08_50_00.wav,UNASSIGNED,FINISHED
GLIDER/OHAGEODAMS_2024 (600_500),2024_02_28_09_00_00.wav,UNASSIGNED,FINISHED
GLIDER/OHAGEODAMS_2024 (600_500),2024_02_28_09_10_00.wav,UNASSIGNED,FINISHED
GLIDER/OHAGEODAMS_2024 (600_500),2024_02_28_09_20_00.wav,UNASSIGNED,FINISHED
GLIDER/OHAGEODAMS_2024 (600_500),2024_02_28_09_30_00.wav,UNASSIGNED,FINISHED
GLIDER/OHAGEODAMS_2024 (600_500),2024_02_28_09_40_00.wav,UNASSIGNED,FINISHED
GLIDER/OHAGEODAMS_2024 (600_500),2024_02_28_09_50_00.wav,UNASSIGNED,FINISHED
GLIDER/OHAGEODAMS_2024 (600_500),2024_02_28_10_00_00.wav,UNASSIGNED,FINISHED
GLIDER/OHAGEODAMS_2024 (600_500),2024_02_28_10_10_00.wav,UNASSIGNED,FINISHED
GLIDER/OHAGEODAMS_2024 (600_500),2024_02_28_10_20_00.wav,UNASSIGNED,FINISHED
GLIDER/OHAGEODAMS_2024 (600_500),2024_02_28_10_30_00.wav,UNASSIGNED,FINISHED
GLIDER/OHAGEODAMS_2024 (600_500),2024_02_28_10_40_00.wav,UNASSIGNED,FINISHED
GLIDER/OHAGEODAMS_2024 (600_500),2024_02_28_10_50_00.wav,UNASSIGNED,FINISHED
GLIDER/OHAGEODAMS_2024 (600_500),2024_02_28_11_00_00.wav,UNASSIGNED,FINISHED
GLIDER/OHAGEODAMS_2024 (600_500),2024_02_28_11_10_00.wav,UNASSIGNED,FINISHED
GLIDER/OHAGEODAMS_2024 (600_500),2024_02_28_11_20_00.wav,UNASSIGNED,FINISHED
GLIDER/OHAGEODAMS_2024 (600_500),2024_02_28_11_30_00.wav,UNASSIGNED,FINISHED
GLIDER/OHAGEODAMS_2024 (600_500),2024_02_28_11_40_00.wav,UNASSIGNED,FINISHED
GLIDER/OHAGEODAMS_2024 (600_500),2024_02_28_11_50_00.wav,UNASSIGNED,FINISHED
GLIDER/OHAGEODAMS_2024 (600_500),2024_02_28_12_00_00.wav,UNASSIGNED,FINISHED
GLIDER/OHAGEODAMS_2024 (600_500),2024_02_28_12_10_00.wav,UNASSIGNED,FINISHED
GLIDER/OHAGEODAMS_2024 (600_500),2024_02_28_12_20_00.wav,UNASSIGNED,FINISHED
GLIDER/OHAGEODAMS_2024 (600_500),2024_02_28_12_30_00.wav,UNASSIGNED,FINISHED
GLIDER/OHAGEODAMS_2024 (600_500),2024_02_28_12_40_00.wav,UNASSIGNED,FINISHED
GLIDER/OHAGEODAMS_2024 (600_500),2024_02_28_12_50_00.wav,UNASSIGNED,FINISHED
GLIDER/OHAGEODAMS_2024 (600_500),2024_02_28_13_00_00.wav,UNASSIGNED,FINISHED
GLIDER/OHAGEODAMS_2024 (600_500),2024_02_28_13_10_00.wav,UNASSIGNED,FINISHED
GLIDER/OHAGEODAMS_2024 (600_500),2024_02_28_13_20_00.wav,UNASSIGNED,FINISHED
GLIDER/OHAGEODAMS_2024 (600_500),2024_02_28_13_30_00.wav,UNASSIGNED,FINISHED
GLIDER/OHAGEODAMS_2024 (600_500),2024_02_28_13_40_00.wav,UNASSIGNED,FINISHED
GLIDER/OHAGEODAMS_2024 (600_500),2024_02_28_13_50_00.wav,UNASSIGNED,FINISHED
GLIDER/OHAGEODAMS_2024 (600_500),2024_02_28_14_00_00.wav,UNASSIGNED,FINISHED
GLIDER/OHAGEODAMS_2024 (600_500),2024_02_28_14_10_00.wav,UNASSIGNED,FINISHED
GLIDER/OHAGEODAMS_2024 (600_500),2024_02_28_14_20_00.wav,UNASSIGNED,FINISHED
GLIDER/OHAGEODAMS_2024 (600_500),2024_02_28_14_30_00.wav,UNASSIGNED,FINISHED
GLIDER/OHAGEODAMS_2024 (600_500),2024_02_28_14_40_00.wav,UNASSIGNED,FINISHED
GLIDER/OHAGEODAMS_2024 (600_500),2024_02_28_14_50_00.wav,UNASSIGNED,FINISHED
GLIDER/OHAGEODAMS_2024 (600_500),2024_02_28_15_00_00.wav,UNASSIGNED,FINISHED
GLIDER/OHAGEODAMS_2024 (600_500),2024_02_28_15_10_00.wav,UNASSIGNED,FINISHED
GLIDER/OHAGEODAMS_2024 (600_500),2024_02_28_15_20_00.wav,UNASSIGNED,FINISHED
GLIDER/OHAGEODAMS_2024 (600_500),2024_02_28_15_30_00.wav,UNASSIGNED,FINISHED
GLIDER/OHAGEODAMS_2024 (600_500),2024_02_28_15_40_00.wav,UNASSIGNED,FINISHED
GLIDER/OHAGEODAMS_2024 (600_500),2024_02_28_15_50_00.wav,UNASSIGNED,FINISHED
GLIDER/OHAGEODAMS_2024 (600_500),2024_02_28_16_00_00.wav,UNASSIGNED,FINISHED
GLIDER/OHAGEODAMS_2024 (600_500),2024_02_28_16_10_00.wav,UNASSIGNED,FINISHED
GLIDER/OHAGEODAMS_2024 (600_500),2024_02_28_16_20_00.wav,UNASSIGNED,FINISHED
GLIDER/OHAGEODAMS_2024 (600_500),2024_02_28_16_30_00.wav,UNASSIGNED,FINISHED
GLIDER/OHAGEODAMS_2024 (600_500),2024_02_28_16_40_00.wav,UNASSIGNED,FINISHED
GLIDER/OHAGEODAMS_2024 (600_500),2024_02_28_16_50_00.wav,UNASSIGNED,FINISHED
GLIDER/OHAGEODAMS_2024 (600_500),2024_02_28_17_00_00.wav,UNASSIGNED,FINISHED
GLIDER/OHAGEODAMS_2024 (600_500),2024_02_28_17_10_00.wav,UNASSIGNED,FINISHED
GLIDER/OHAGEODAMS_2024 (600_500),2024_02_28_17_20_00.wav,UNASSIGNED,FINISHED
GLIDER/OHAGEODAMS_2024 (600_500),2024_02_28_17_30_00.wav,UNASSIGNED,FINISHED
GLIDER/OHAGEODAMS_2024 (600_500),2024_02_28_17_40_00.wav,UNASSIGNED,FINISHED
GLIDER/OHAGEODAMS_2024 (600_500),2024_02_28_17_50_00.wav,UNASSIGNED,FINISHED
GLIDER/OHAGEODAMS_2024 (600_500),2024_02_28_18_00_00.wav,UNASSIGNED,FINISHED
GLIDER/OHAGEODAMS_2024 (600_500),2024_02_28_18_10_00.wav,UNASSIGNED,FINISHED
GLIDER/OHAGEODAMS_2024 (600_500),2024_02_28_18_20_00.wav,UNASSIGNED,FINISHED
GLIDER/OHAGEODAMS_2024 (600_500),2024_02_28_18_30_00.wav,UNASSIGNED,FINISHED
GLIDER/OHAGEODAMS_2024 (600_500),2024_02_28_18_40_00.wav,UNASSIGNED,FINISHED
GLIDER/OHAGEODAMS_2024 (600_500),2024_02_28_18_50_00.wav,UNASSIGNED,FINISHED
GLIDER/OHAGEODAMS_2024 (600_500),2024_02_28_19_00_00.wav,UNASSIGNED,FINISHED
GLIDER/OHAGEODAMS_2024 (600_500),2024_02_28_19_10_00.wav,UNASSIGNED,FINISHED
GLIDER/OHAGEODAMS_2024 (600_500),2024_02_28_19_20_00.wav,UNASSIGNED,FINISHED
GLIDER/OHAGEODAMS_2024 (600_500),2024_02_28_19_30_00.wav,UNASSIGNED,FINISHED
GLIDER/OHAGEODAMS_2024 (600_500),2024_02_28_19_40_00.wav,UNASSIGNED,FINISHED
GLIDER/OHAGEODAMS_2024 (600_500),2024_02_28_19_50_00.wav,UNASSIGNED,FINISHED
GLIDER/OHAGEODAMS_2024 (600_500),2024_02_28_20_00_00.wav,UNASSIGNED,FINISHED
GLIDER/OHAGEODAMS_2024 (600_500),2024_02_28_20_10_00.wav,UNASSIGNED,FINISHED
GLIDER/OHAGEODAMS_2024 (600_500),2024_02_28_20_20_00.wav,UNASSIGNED,FINISHED
GLIDER/OHAGEODAMS_2024 (600_500),2024_02_28_20_30_00.wav,UNASSIGNED,FINISHED
GLIDER/OHAGEODAMS_2024 (600_500),2024_02_28_20_40_00.wav,UNASSIGNED,FINISHED
GLIDER/OHAGEODAMS_2024 (600_500),2024_02_28_20_50_00.wav,UNASSIGNED,FINISHED
GLIDER/OHAGEODAMS_2024 (600_500),2024_02_28_21_00_00.wav,UNASSIGNED,FINISHED
GLIDER/OHAGEODAMS_2024 (600_500),2024_02_28_21_10_00.wav,UNASSIGNED,FINISHED
GLIDER/OHAGEODAMS_2024 (600_500),2024_02_28_21_20_00.wav,UNASSIGNED,FINISHED
GLIDER/OHAGEODAMS_2024 (600_500),2024_02_28_21_30_00.wav,UNASSIGNED,FINISHED
GLIDER/OHAGEODAMS_2024 (600_500),2024_02_28_21_40_00.wav,UNASSIGNED,FINISHED
GLIDER/OHAGEODAMS_2024 (600_500),2024_02_28_21_50_00.wav,UNASSIGNED,FINISHED
GLIDER/OHAGEODAMS_2024 (600_500),2024_02_28_22_00_00.wav,UNASSIGNED,FINISHED
GLIDER/OHAGEODAMS_2024 (600_500),2024_02_28_22_10_00.wav,UNASSIGNED,FINISHED
GLIDER/OHAGEODAMS_2024 (600_500),2024_02_28_22_20_00.wav,UNASSIGNED,FINISHED
GLIDER/OHAGEODAMS_2024 (600_500),2024_02_28_22_30_00.wav,UNASSIGNED,FINISHED
GLIDER/OHAGEODAMS_2024 (600_500),2024_02_28_22_40_00.wav,UNASSIGNED,FINISHED
GLIDER/OHAGEODAMS_2024 (600_500),2024_02_28_22_50_00.wav,UNASSIGNED,FINISHED
GLIDER/OHAGEODAMS_2024 (600_500),2024_02_28_23_00_00.wav,UNASSIGNED,FINISHED
GLIDER/OHAGEODAMS_2024 (600_500),2024_02_28_23_10_00.wav,UNASSIGNED,FINISHED
GLIDER/OHAGEODAMS_2024 (600_500),2024_02_28_23_20_00.wav,UNASSIGNED,FINISHED
GLIDER/OHAGEODAMS_2024 (600_500),2024_02_28_23_30_00.wav,UNASSIGNED,FINISHED
GLIDER/OHAGEODAMS_2024 (600_500),2024_02_28_23_40_00.wav,UNASSIGNED,FINISHED
GLIDER/OHAGEODAMS_2024 (600_500),2024_02_28_23_50_00.wav,UNASSIGNED,FINISHED
GLIDER/OHAGEODAMS_2024 (600_500),2024_02_29_00_00_00.wav,UNASSIGNED,FINISHED
GLIDER/OHAGEODAMS_2024 (600_500),2024_02_29_00_10_00.wav,UNASSIGNED,FINISHED
GLIDER/OHAGEODAMS_2024 (600_500),2024_02_29_00_20_00.wav,UNASSIGNED,FINISHED
GLIDER/OHAGEODAMS_2024 (600_500),2024_02_29_00_30_00.wav,UNASSIGNED,FINISHED
GLIDER/OHAGEODAMS_2024 (600_500),2024_02_29_00_40_00.wav,UNASSIGNED,FINISHED
GLIDER/OHAGEODAMS_2024 (600_500),2024_02_29_00_50_00.wav,UNASSIGNED,FINISHED
GLIDER/OHAGEODAMS_2024 (600_500),2024_02_29_01_00_00.wav,UNASSIGNED,FINISHED
GLIDER/OHAGEODAMS_2024 (600_500),2024_02_29_01_10_00.wav,UNASSIGNED,FINISHED
GLIDER/OHAGEODAMS_2024 (600_500),2024_02_29_01_20_00.wav,UNASSIGNED,FINISHED
GLIDER/OHAGEODAMS_2024 (600_500),2024_02_29_01_30_00.wav,UNASSIGNED,FINISHED
GLIDER/OHAGEODAMS_2024 (600_500),2024_02_29_01_40_00.wav,UNASSIGNED,FINISHED
GLIDER/OHAGEODAMS_2024 (600_500),2024_02_29_01_50_00.wav,UNASSIGNED,FINISHED
GLIDER/OHAGEODAMS_2024 (600_500),2024_02_29_02_00_00.wav,UNASSIGNED,FINISHED
GLIDER/OHAGEODAMS_2024 (600_500),2024_02_29_02_10_00.wav,UNASSIGNED,FINISHED
GLIDER/OHAGEODAMS_2024 (600_500),2024_02_29_02_20_00.wav,UNASSIGNED,FINISHED
GLIDER/OHAGEODAMS_2024 (600_500),2024_02_29_02_30_00.wav,UNASSIGNED,FINISHED
GLIDER/OHAGEODAMS_2024 (600_500),2024_02_29_02_40_00.wav,UNASSIGNED,FINISHED
GLIDER/OHAGEODAMS_2024 (600_500),2024_02_29_02_50_00.wav,UNASSIGNED,FINISHED
GLIDER/OHAGEODAMS_2024 (600_500),2024_02_29_03_00_00.wav,UNASSIGNED,FINISHED
GLIDER/OHAGEODAMS_2024 (600_500),2024_02_29_03_10_00.wav,UNASSIGNED,FINISHED
GLIDER/OHAGEODAMS_2024 (600_500),2024_02_29_03_20_00.wav,UNASSIGNED,FINISHED
GLIDER/OHAGEODAMS_2024 (600_500),2024_02_29_03_30_00.wav,UNASSIGNED,FINISHED
GLIDER/OHAGEODAMS_2024 (600_500),2024_02_29_03_40_00.wav,UNASSIGNED,FINISHED
GLIDER/OHAGEODAMS_2024 (600_500),2024_02_29_03_50_00.wav,UNASSIGNED,FINISHED
GLIDER/OHAGEODAMS_2024 (600_500),2024_02_29_04_00_00.wav,UNASSIGNED,FINISHED
GLIDER/OHAGEODAMS_2024 (600_500),2024_02_29_04_10_00.wav,UNASSIGNED,FINISHED
GLIDER/OHAGEODAMS_2024 (600_500),2024_02_29_04_20_00.wav,UNASSIGNED,FINISHED
GLIDER/OHAGEODAMS_2024 (600_500),2024_02_29_04_30_00.wav,UNASSIGNED,FINISHED
GLIDER/OHAGEODAMS_2024 (600_500),2024_02_29_04_40_00.wav,UNASSIGNED,FINISHED
GLIDER/OHAGEODAMS_2024 (600_500),2024_02_29_04_50_00.wav,UNASSIGNED,FINISHED
GLIDER/OHAGEODAMS_2024 (600_500),2024_02_29_05_00_00.wav,UNASSIGNED,FINISHED
GLIDER/OHAGEODAMS_2024 (600_500),2024_02_29_05_10_00.wav,UNASSIGNED,FINISHED
GLIDER/OHAGEODAMS_2024 (600_500),2024_02_29_05_20_00.wav,UNASSIGNED,FINISHED
GLIDER/OHAGEODAMS_2024 (600_500),2024_02_29_05_30_00.wav,UNASSIGNED,FINISHED
GLIDER/OHAGEODAMS_2024 (600_500),2024_02_29_05_40_00.wav,UNASSIGNED,FINISHED
GLIDER/OHAGEODAMS_2024 (600_500),2024_02_29_05_50_00.wav,UNASSIGNED,FINISHED
GLIDER/OHAGEODAMS_2024 (600_500),2024_02_29_06_00_00.wav,UNASSIGNED,FINISHED
GLIDER/OHAGEODAMS_2024 (600_500),2024_02_29_06_10_00.wav,UNASSIGNED,FINISHED
GLIDER/OHAGEODAMS_2024 (600_500),2024_02_29_06_20_00.wav,UNASSIGNED,FINISHED
GLIDER/OHAGEODAMS_2024 (600_500),2024_02_29_06_30_00.wav,UNASSIGNED,FINISHED
GLIDER/OHAGEODAMS_2024 (600_500),2024_02_29_06_40_00.wav,UNASSIGNED,FINISHED
GLIDER/OHAGEODAMS_2024 (600_500),2024_02_29_06_50_00.wav,UNASSIGNED,FINISHED
GLIDER/OHAGEODAMS_2024 (600_500),2024_02_29_07_00_00.wav,UNASSIGNED,FINISHED
GLIDER/OHAGEODAMS_2024 (600_500),2024_02_29_07_10_00.wav,UNASSIGNED,FINISHED
GLIDER/OHAGEODAMS_2024 (600_500),2024_02_29_07_20_00.wav,UNASSIGNED,FINISHED
GLIDER/OHAGEODAMS_2024 (600_500),2024_02_29_07_30_00.wav,UNASSIGNED,FINISHED
GLIDER/OHAGEODAMS_2024 (600_500),2024_02_29_07_40_00.wav,UNASSIGNED,FINISHED
GLIDER/OHAGEODAMS_2024 (600_500),2024_02_29_07_50_00.wav,UNASSIGNED,FINISHED
GLIDER/OHAGEODAMS_2024 (600_500),2024_02_29_08_00_00.wav,UNASSIGNED,FINISHED
GLIDER/OHAGEODAMS_2024 (600_500),2024_02_29_08_10_00.wav,UNASSIGNED,FINISHED
GLIDER/OHAGEODAMS_2024 (600_500),2024_02_29_08_20_00.wav,UNASSIGNED,FINISHED
GLIDER/OHAGEODAMS_2024 (600_500),2024_02_29_08_30_00.wav,UNASSIGNED,FINISHED
GLIDER/OHAGEODAMS_2024 (600_500),2024_02_29_08_40_00.wav,UNASSIGNED,FINISHED
GLIDER/OHAGEODAMS_2024 (600_500),2024_02_29_08_50_00.wav,UNASSIGNED,FINISHED
GLIDER/OHAGEODAMS_2024 (600_500),2024_02_29_09_00_00.wav,UNASSIGNED,FINISHED
GLIDER/OHAGEODAMS_2024 (600_500),2024_02_29_09_10_00.wav,UNASSIGNED,FINISHED
GLIDER/OHAGEODAMS_2024 (600_500),2024_02_29_09_20_00.wav,UNASSIGNED,FINISHED
GLIDER/OHAGEODAMS_2024 (600_500),2024_02_29_09_30_00.wav,UNASSIGNED,FINISHED
GLIDER/OHAGEODAMS_2024 (600_500),2024_02_29_09_40_00.wav,UNASSIGNED,FINISHED
GLIDER/OHAGEODAMS_2024 (600_500),2024_02_29_09_50_00.wav,UNASSIGNED,FINISHED
GLIDER/OHAGEODAMS_2024 (600_500),2024_02_29_10_00_00.wav,UNASSIGNED,FINISHED
GLIDER/OHAGEODAMS_2024 (600_500),2024_02_29_10_10_00.wav,UNASSIGNED,FINISHED
GLIDER/OHAGEODAMS_2024 (600_500),2024_02_29_10_20_00.wav,UNASSIGNED,FINISHED
GLIDER/OHAGEODAMS_2024 (600_500),2024_02_29_10_30_00.wav,UNASSIGNED,FINISHED
GLIDER/OHAGEODAMS_2024 (600_500),2024_02_29_10_40_00.wav,UNASSIGNED,FINISHED
GLIDER/OHAGEODAMS_2024 (600_500),2024_02_29_10_50_00.wav,UNASSIGNED,FINISHED
GLIDER/OHAGEODAMS_2024 (600_500),2024_02_29_11_00_00.wav,UNASSIGNED,FINISHED
GLIDER/OHAGEODAMS_2024 (600_500),2024_02_29_11_10_00.wav,UNASSIGNED,FINISHED
GLIDER/OHAGEODAMS_2024 (600_500),2024_02_29_11_20_00.wav,UNASSIGNED,FINISHED
GLIDER/OHAGEODAMS_2024 (600_500),2024_02_29_11_30_00.wav,UNASSIGNED,FINISHED
GLIDER/OHAGEODAMS_2024 (600_500),2024_02_29_11_40_00.wav,UNASSIGNED,FINISHED
GLIDER/OHAGEODAMS_2024 (600_500),2024_02_29_11_50_00.wav,UNASSIGNED,FINISHED
GLIDER/OHAGEODAMS_2024 (600_500),2024_02_29_12_00_00.wav,UNASSIGNED,FINISHED
GLIDER/OHAGEODAMS_2024 (600_500),2024_02_29_12_10_00.wav,UNASSIGNED,FINISHED
GLIDER/OHAGEODAMS_2024 (600_500),2024_02_29_12_20_00.wav,UNASSIGNED,FINISHED
GLIDER/OHAGEODAMS_2024 (600_500),2024_02_29_12_30_00.wav,UNASSIGNED,FINISHED
GLIDER/OHAGEODAMS_2024 (600_500),2024_02_29_12_40_00.wav,UNASSIGNED,FINISHED
GLIDER/OHAGEODAMS_2024 (600_500),2024_02_29_12_50_00.wav,UNASSIGNED,FINISHED
GLIDER/OHAGEODAMS_2024 (600_500),2024_02_29_13_00_00.wav,UNASSIGNED,FINISHED
GLIDER/OHAGEODAMS_2024 (600_500),2024_02_29_13_10_00.wav,UNASSIGNED,FINISHED
GLIDER/OHAGEODAMS_2024 (600_500),2024_02_29_13_20_00.wav,UNASSIGNED,FINISHED
GLIDER/OHAGEODAMS_2024 (600_500),2024_02_29_13_30_00.wav,UNASSIGNED,FINISHED
GLIDER/OHAGEODAMS_2024 (600_500),2024_02_29_13_40_00.wav,UNASSIGNED,FINISHED
GLIDER/OHAGEODAMS_2024 (600_500),2024_02_29_13_50_00.wav,UNASSIGNED,FINISHED
GLIDER/OHAGEODAMS_2024 (600_500),2024_02_29_14_00_00.wav,UNASSIGNED,FINISHED
GLIDER/OHAGEODAMS_2024 (600_500),2024_02_29_14_10_00.wav,UNASSIGNED,FINISHED
GLIDER/OHAGEODAMS_2024 (600_500),2024_02_29_14_20_00.wav,UNASSIGNED,FINISHED
GLIDER/OHAGEODAMS_2024 (600_500),2024_02_29_14_30_00.wav,UNASSIGNED,FINISHED
GLIDER/OHAGEODAMS_2024 (600_500),2024_02_29_14_40_00.wav,UNASSIGNED,FINISHED
GLIDER/OHAGEODAMS_2024 (600_500),2024_02_29_14_50_00.wav,UNASSIGNED,FINISHED
GLIDER/OHAGEODAMS_2024 (600_500),2024_02_29_15_00_00.wav,UNASSIGNED,FINISHED
GLIDER/OHAGEODAMS_2024 (600_500),2024_02_29_15_10_00.wav,UNASSIGNED,FINISHED
GLIDER/OHAGEODAMS_2024 (600_500),2024_02_29_15_20_00.wav,UNASSIGNED,FINISHED
GLIDER/OHAGEODAMS_2024 (600_500),2024_02_29_15_30_00.wav,UNASSIGNED,FINISHED
GLIDER/OHAGEODAMS_2024 (600_500),2024_02_29_15_40_00.wav,UNASSIGNED,FINISHED
GLIDER/OHAGEODAMS_2024 (600_500),2024_02_29_15_50_00.wav,UNASSIGNED,FINISHED
GLIDER/OHAGEODAMS_2024 (600_500),2024_02_29_16_00_00.wav,UNASSIGNED,FINISHED
GLIDER/OHAGEODAMS_2024 (600_500),2024_02_29_16_10_00.wav,UNASSIGNED,FINISHED
GLIDER/OHAGEODAMS_2024 (600_500),2024_02_29_16_20_00.wav,UNASSIGNED,FINISHED
GLIDER/OHAGEODAMS_2024 (600_500),2024_02_29_16_30_00.wav,UNASSIGNED,FINISHED
GLIDER/OHAGEODAMS_2024 (600_500),2024_02_29_16_40_00.wav,UNASSIGNED,FINISHED
GLIDER/OHAGEODAMS_2024 (600_500),2024_02_29_16_50_00.wav,UNASSIGNED,FINISHED
GLIDER/OHAGEODAMS_2024 (600_500),2024_02_29_17_00_00.wav,UNASSIGNED,FINISHED
GLIDER/OHAGEODAMS_2024 (600_500),2024_02_29_17_10_00.wav,UNASSIGNED,FINISHED
GLIDER/OHAGEODAMS_2024 (600_500),2024_02_29_17_20_00.wav,UNASSIGNED,FINISHED
GLIDER/OHAGEODAMS_2024 (600_500),2024_02_29_17_30_00.wav,UNASSIGNED,FINISHED
GLIDER/OHAGEODAMS_2024 (600_500),2024_02_29_17_40_00.wav,UNASSIGNED,FINISHED
GLIDER/OHAGEODAMS_2024 (600_500),2024_02_29_17_50_00.wav,UNASSIGNED,FINISHED
GLIDER/OHAGEODAMS_2024 (600_500),2024_02_29_18_00_00.wav,UNASSIGNED,FINISHED
GLIDER/OHAGEODAMS_2024 (600_500),2024_02_29_18_10_00.wav,UNASSIGNED,FINISHED
GLIDER/OHAGEODAMS_2024 (600_500),2024_02_29_18_20_00.wav,UNASSIGNED,FINISHED
GLIDER/OHAGEODAMS_2024 (600_500),2024_02_29_18_30_00.wav,UNASSIGNED,FINISHED
GLIDER/OHAGEODAMS_2024 (600_500),2024_02_29_18_40_00.wav,UNASSIGNED,FINISHED
GLIDER/OHAGEODAMS_2024 (600_500),2024_02_29_18_50_00.wav,UNASSIGNED,FINISHED
GLIDER/OHAGEODAMS_2024 (600_500),2024_02_29_19_00_00.wav,UNASSIGNED,FINISHED
GLIDER/OHAGEODAMS_2024 (600_500),2024_02_29_19_10_00.wav,UNASSIGNED,FINISHED
GLIDER/OHAGEODAMS_2024 (600_500),2024_02_29_19_20_00.wav,UNASSIGNED,FINISHED
GLIDER/OHAGEODAMS_2024 (600_500),2024_02_29_19_30_00.wav,UNASSIGNED,FINISHED
GLIDER/OHAGEODAMS_2024 (600_500),2024_02_29_19_40_00.wav,UNASSIGNED,FINISHED
GLIDER/OHAGEODAMS_2024 (600_500),2024_02_29_19_50_00.wav,UNASSIGNED,FINISHED
GLIDER/OHAGEODAMS_2024 (600_500),2024_02_29_20_00_00.wav,UNASSIGNED,FINISHED
GLIDER/OHAGEODAMS_2024 (600_500),2024_02_29_20_10_00.wav,UNASSIGNED,FINISHED
GLIDER/OHAGEODAMS_2024 (600_500),2024_02_29_20_20_00.wav,UNASSIGNED,FINISHED
GLIDER/OHAGEODAMS_2024 (600_500),2024_02_29_20_30_00.wav,UNASSIGNED,FINISHED
GLIDER/OHAGEODAMS_2024 (600_500),2024_02_29_20_40_00.wav,UNASSIGNED,FINISHED
GLIDER/OHAGEODAMS_2024 (600_500),2024_02_29_20_50_00.wav,UNASSIGNED,FINISHED
GLIDER/OHAGEODAMS_2024 (600_500),2024_02_29_21_00_00.wav,UNASSIGNED,FINISHED
GLIDER/OHAGEODAMS_2024 (600_500),2024_02_29_21_10_00.wav,UNASSIGNED,FINISHED
GLIDER/OHAGEODAMS_2024 (600_500),2024_02_29_21_20_00.wav,UNASSIGNED,FINISHED
GLIDER/OHAGEODAMS_2024 (600_500),2024_02_29_21_30_00.wav,UNASSIGNED,FINISHED
GLIDER/OHAGEODAMS_2024 (600_500),2024_02_29_21_40_00.wav,UNASSIGNED,FINISHED
GLIDER/OHAGEODAMS_2024 (600_500),2024_02_29_21_50_00.wav,UNASSIGNED,FINISHED
GLIDER/OHAGEODAMS_2024 (600_500),2024_02_29_22_00_00.wav,UNASSIGNED,FINISHED
GLIDER/OHAGEODAMS_2024 (600_500),2024_02_29_22_10_00.wav,UNASSIGNED,FINISHED
GLIDER/OHAGEODAMS_2024 (600_500),2024_02_29_22_20_00.wav,UNASSIGNED,FINISHED
GLIDER/OHAGEODAMS_2024 (600_500),2024_02_29_22_30_00.wav,UNASSIGNED,FINISHED
GLIDER/OHAGEODAMS_2024 (600_500),2024_02_29_22_40_00.wav,UNASSIGNED,FINISHED
GLIDER/OHAGEODAMS_2024 (600_500),2024_02_29_22_50_00.wav,UNASSIGNED,FINISHED
GLIDER/OHAGEODAMS_2024 (600_500),2024_02_29_23_00_00.wav,UNASSIGNED,FINISHED
GLIDER/OHAGEODAMS_2024 (600_500),2024_02_29_23_10_00.wav,UNASSIGNED,FINISHED
GLIDER/OHAGEODAMS_2024 (600_500),2024_02_29_23_20_00.wav,UNASSIGNED,FINISHED
GLIDER/OHAGEODAMS_2024 (600_500),2024_02_29_23_30_00.wav,UNASSIGNED,FINISHED
GLIDER/OHAGEODAMS_2024 (600_500),2024_02_29_23_40_00.wav,UNASSIGNED,FINISHED
GLIDER/OHAGEODAMS_2024 (600_500),2024_02_29_23_50_00.wav,UNASSIGNED,FINISHED
GLIDER/OHAGEODAMS_2024 (600_500),2024_03_01_00_00_00.wav,UNASSIGNED,FINISHED
GLIDER/OHAGEODAMS_2024 (600_500),2024_03_01_00_10_00.wav,UNASSIGNED,FINISHED
GLIDER/OHAGEODAMS_2024 (600_500),2024_03_01_00_20_00.wav,UNASSIGNED,FINISHED
GLIDER/OHAGEODAMS_2024 (600_500),2024_03_01_00_30_00.wav,UNASSIGNED,FINISHED
GLIDER/OHAGEODAMS_2024 (600_500),2024_03_01_00_40_00.wav,UNASSIGNED,FINISHED
GLIDER/OHAGEODAMS_2024 (600_500),2024_03_01_00_50_00.wav,UNASSIGNED,FINISHED
GLIDER/OHAGEODAMS_2024 (600_500),2024_03_01_01_00_00.wav,UNASSIGNED,FINISHED
GLIDER/OHAGEODAMS_2024 (600_500),2024_03_01_01_10_00.wav,UNASSIGNED,FINISHED
GLIDER/OHAGEODAMS_2024 (600_500),2024_03_01_01_20_00.wav,UNASSIGNED,FINISHED
GLIDER/OHAGEODAMS_2024 (600_500),2024_03_01_01_30_00.wav,UNASSIGNED,FINISHED
GLIDER/OHAGEODAMS_2024 (600_500),2024_03_01_01_40_00.wav,UNASSIGNED,FINISHED
GLIDER/OHAGEODAMS_2024 (600_500),2024_03_01_01_50_00.wav,UNASSIGNED,FINISHED
GLIDER/OHAGEODAMS_2024 (600_500),2024_03_01_02_00_00.wav,UNASSIGNED,FINISHED
GLIDER/OHAGEODAMS_2024 (600_500),2024_03_01_02_10_00.wav,UNASSIGNED,FINISHED
GLIDER/OHAGEODAMS_2024 (600_500),2024_03_01_02_20_00.wav,UNASSIGNED,FINISHED
GLIDER/OHAGEODAMS_2024 (600_500),2024_03_01_02_30_00.wav,UNASSIGNED,FINISHED
GLIDER/OHAGEODAMS_2024 (600_500),2024_03_01_02_40_00.wav,UNASSIGNED,FINISHED
GLIDER/OHAGEODAMS_2024 (600_500),2024_03_01_02_50_00.wav,UNASSIGNED,FINISHED
GLIDER/OHAGEODAMS_2024 (600_500),2024_03_01_03_00_00.wav,UNASSIGNED,FINISHED
GLIDER/OHAGEODAMS_2024 (600_500),2024_03_01_03_10_00.wav,UNASSIGNED,FINISHED
GLIDER/OHAGEODAMS_2024 (600_500),2024_03_01_03_20_00.wav,UNASSIGNED,FINISHED
GLIDER/OHAGEODAMS_2024 (600_500),2024_03_01_03_30_00.wav,UNASSIGNED,FINISHED
GLIDER/OHAGEODAMS_2024 (600_500),2024_03_01_03_40_00.wav,UNASSIGNED,FINISHED
GLIDER/OHAGEODAMS_2024 (600_500),2024_03_01_03_50_00.wav,UNASSIGNED,FINISHED
GLIDER/OHAGEODAMS_2024 (600_500),2024_03_01_04_00_00.wav,UNASSIGNED,FINISHED
GLIDER/OHAGEODAMS_2024 (600_500),2024_03_01_04_10_00.wav,UNASSIGNED,FINISHED
GLIDER/OHAGEODAMS_2024 (600_500),2024_03_01_04_20_00.wav,UNASSIGNED,FINISHED
GLIDER/OHAGEODAMS_2024 (600_500),2024_03_01_04_30_00.wav,UNASSIGNED,FINISHED
GLIDER/OHAGEODAMS_2024 (600_500),2024_03_01_04_40_00.wav,UNASSIGNED,FINISHED
GLIDER/OHAGEODAMS_2024 (600_500),2024_03_01_04_50_00.wav,UNASSIGNED,FINISHED
GLIDER/OHAGEODAMS_2024 (600_500),2024_03_01_05_00_00.wav,UNASSIGNED,FINISHED
GLIDER/OHAGEODAMS_2024 (600_500),2024_03_01_05_10_00.wav,UNASSIGNED,FINISHED
GLIDER/OHAGEODAMS_2024 (600_500),2024_03_01_05_20_00.wav,UNASSIGNED,FINISHED
GLIDER/OHAGEODAMS_2024 (600_500),2024_03_01_05_30_00.wav,UNASSIGNED,FINISHED
GLIDER/OHAGEODAMS_2024 (600_500),2024_03_01_05_40_00.wav,UNASSIGNED,FINISHED
GLIDER/OHAGEODAMS_2024 (600_500),2024_03_01_05_50_00.wav,UNASSIGNED,FINISHED
GLIDER/OHAGEODAMS_2024 (600_500),2024_03_01_06_00_00.wav,UNASSIGNED,FINISHED
GLIDER/OHAGEODAMS_2024 (600_500),2024_03_01_06_10_00.wav,UNASSIGNED,FINISHED
GLIDER/OHAGEODAMS_2024 (600_500),2024_03_01_06_20_00.wav,UNASSIGNED,FINISHED
GLIDER/OHAGEODAMS_2024 (600_500),2024_03_01_06_30_00.wav,UNASSIGNED,FINISHED
GLIDER/OHAGEODAMS_2024 (600_500),2024_03_01_06_40_00.wav,UNASSIGNED,FINISHED
GLIDER/OHAGEODAMS_2024 (600_500),2024_03_01_06_50_00.wav,UNASSIGNED,FINISHED
GLIDER/OHAGEODAMS_2024 (600_500),2024_03_01_07_00_00.wav,UNASSIGNED,FINISHED
GLIDER/OHAGEODAMS_2024 (600_500),2024_03_01_07_10_00.wav,UNASSIGNED,FINISHED
GLIDER/OHAGEODAMS_2024 (600_500),2024_03_01_07_20_00.wav,UNASSIGNED,FINISHED
GLIDER/OHAGEODAMS_2024 (600_500),2024_03_01_07_30_00.wav,UNASSIGNED,FINISHED
GLIDER/OHAGEODAMS_2024 (600_500),2024_03_01_07_40_00.wav,UNASSIGNED,FINISHED
GLIDER/OHAGEODAMS_2024 (600_500),2024_03_01_07_50_00.wav,UNASSIGNED,FINISHED
GLIDER/OHAGEODAMS_2024 (600_500),2024_03_01_08_00_00.wav,UNASSIGNED,FINISHED
GLIDER/OHAGEODAMS_2024 (600_500),2024_03_01_08_10_00.wav,UNASSIGNED,FINISHED
GLIDER/OHAGEODAMS_2024 (600_500),2024_03_01_08_20_00.wav,UNASSIGNED,FINISHED
GLIDER/OHAGEODAMS_2024 (600_500),2024_03_01_08_30_00.wav,UNASSIGNED,FINISHED
GLIDER/OHAGEODAMS_2024 (600_500),2024_03_01_08_40_00.wav,UNASSIGNED,FINISHED
GLIDER/OHAGEODAMS_2024 (600_500),2024_03_01_08_50_00.wav,UNASSIGNED,FINISHED
GLIDER/OHAGEODAMS_2024 (600_500),2024_03_01_09_00_00.wav,UNASSIGNED,FINISHED
GLIDER/OHAGEODAMS_2024 (600_500),2024_03_01_09_10_00.wav,UNASSIGNED,FINISHED
GLIDER/OHAGEODAMS_2024 (600_500),2024_03_01_09_20_00.wav,UNASSIGNED,FINISHED
GLIDER/OHAGEODAMS_2024 (600_500),2024_03_01_09_30_00.wav,UNASSIGNED,FINISHED
GLIDER/OHAGEODAMS_2024 (600_500),2024_03_01_09_40_00.wav,UNASSIGNED,FINISHED
GLIDER/OHAGEODAMS_2024 (600_500),2024_03_01_09_50_00.wav,UNASSIGNED,FINISHED
GLIDER/OHAGEODAMS_2024 (600_500),2024_03_01_10_00_00.wav,UNASSIGNED,FINISHED
GLIDER/OHAGEODAMS_2024 (600_500),2024_03_01_10_10_00.wav,UNASSIGNED,FINISHED
GLIDER/OHAGEODAMS_2024 (600_500),2024_03_01_10_20_00.wav,UNASSIGNED,FINISHED
GLIDER/OHAGEODAMS_2024 (600_500),2024_03_01_10_30_00.wav,UNASSIGNED,FINISHED
GLIDER/OHAGEODAMS_2024 (600_500),2024_03_01_10_40_00.wav,UNASSIGNED,FINISHED
GLIDER/OHAGEODAMS_2024 (600_500),2024_03_01_10_50_00.wav,UNASSIGNED,FINISHED
